1	1	3
1	55	3
2	2	3
3	3	37
3	93	2
4	4	2
4	219	4
4	463	1
4	464	1
4	1359	1
4	1360	1
4	2648	2
4	3516	1
4	3554	1
4	3555	1
4	4229	1
4	4230	1
5	5	27
5	1762	3
6	6	7
6	2869	1
6	5091	1
6	5092	1
6	5093	1
6	5094	1
6	5095	1
6	5096	1
6	5097	1
7	7	3
8	8	1
9	16	6
11	11	2
14	4375	1
15	15	4
16	16	12
17	17	6
17	5376	1
17	5377	1
17	5378	1
17	5379	1
18	1775	1
18	1776	1
19	19	1
19	20	4
19	21	2
19	22	2
20	20	1
20	21	2
20	22	2
21	22	1
23	23	1
24	24	69
24	152	1
24	181	8
24	200	1
24	238	2
24	584	3
24	648	1
24	930	1
24	1020	1
24	1021	1
24	2500	1
24	2659	1
24	3329	1
24	3431	1
25	644	7
26	26	1
28	28	5
28	92	2
28	1363	2
28	2098	1
28	2847	1
28	4231	1
28	4241	2
28	4242	2
29	29	34
29	42	4
29	4501	4
29	4704	1
30	30	17
31	208	1
32	2655	2
33	33	5
34	34	1
35	35	13
35	36	6
35	37	6
35	38	6
35	2041	3
35	2042	3
36	36	1
36	37	4
36	38	2
37	37	1
37	38	2
38	2041	1
38	2042	1
43	43	2
45	46	1
46	3190	1
47	47	1
47	48	2
49	50	2
51	51	30
53	4015	1
55	55	12
55	653	10
55	703	1
55	1871	1
55	3029	2
55	3030	2
56	56	1
56	57	4
56	2240	1
58	59	1
60	2837	1
61	62	1
63	814	1
64	65	2
66	66	4
68	69	3
68	70	1
68	1855	1
69	69	3
69	70	3
69	104	1
69	106	1
69	107	1
69	110	1
69	117	2
69	171	1
69	202	1
69	278	15
69	279	1
69	280	3
69	329	1
69	397	1
69	414	2
69	521	3
69	586	3
69	599	1
69	752	1
69	826	1
69	924	3
69	925	1
69	926	1
69	927	1
69	1045	2
69	1046	1
69	1223	1
69	1224	3
69	1257	1
69	1327	1
69	1328	1
69	1329	1
69	1341	1
69	1446	2
69	1538	1
69	1659	1
69	1660	1
69	1661	1
69	1662	1
69	1855	1
69	1888	1
69	1995	2
69	2038	1
69	2207	1
69	2536	1
69	2538	1
69	2609	1
69	2657	1
69	2683	1
69	2684	1
69	2685	1
69	2827	6
69	2828	2
69	2844	2
69	2993	3
69	2994	4
69	2995	2
69	3000	1
69	3148	1
69	3149	1
69	3181	1
69	3191	1
69	3451	1
69	3452	1
69	3497	1
69	3498	2
69	3768	4
69	4468	1
69	4469	1
69	4470	1
69	4566	2
69	4567	1
69	4955	1
69	4956	1
69	4980	1
69	5120	1
69	5399	1
69	5535	1
70	107	1
70	2038	1
70	4566	1
70	4567	1
71	72	2
74	3914	1
74	4827	1
75	75	2
75	718	1
76	76	1
76	77	7
77	77	6
77	290	1
77	1978	1
82	82	1
82	127	1
82	305	1
82	710	2
82	4114	2
84	84	2
84	307	1
84	682	3
84	2234	1
85	86	1
89	1459	2
90	90	65
90	421	21
90	422	2
90	423	2
90	424	2
90	425	2
90	426	2
90	427	2
90	428	2
90	429	2
90	430	2
90	431	2
90	573	2
90	574	2
90	575	2
90	587	1
90	962	4
90	963	4
90	964	4
90	965	4
90	966	17
90	2625	1
90	2694	10
90	3109	1
90	3445	2
90	3446	2
90	3447	2
90	4256	1
90	4257	1
90	4677	1
90	5234	1
90	5235	1
90	5236	1
90	5237	1
90	5331	1
90	5426	2
90	5427	2
90	5428	2
90	5429	2
90	5430	2
90	5431	2
90	5432	2
90	5433	2
90	5434	2
90	5467	1
90	5481	3
92	92	4
92	949	2
92	950	2
92	1585	1
92	4645	1
94	95	1
97	98	1
99	99	1
104	105	1
104	106	2
104	278	1
104	1504	1
104	1742	1
104	2610	1
105	106	1
105	1047	1
106	117	1
106	599	1
106	1327	1
106	1328	1
106	1329	1
106	4444	1
107	108	1
109	109	55
109	629	1
109	648	9
109	1912	8
109	3144	4
109	3946	2
109	4083	3
109	4673	6
109	4674	6
109	4675	6
109	4676	6
109	5030	1
109	5031	1
109	5032	1
109	5033	1
109	5086	1
110	110	6
110	168	1
110	1446	1
110	3142	1
110	3281	1
110	3513	2
110	3514	2
110	3695	1
110	3696	1
110	4089	1
110	4113	1
112	112	1
112	113	1
112	471	1
112	1952	3
112	1953	1
112	3761	3
117	118	1
117	599	1
117	1327	1
117	1328	1
117	1329	1
122	122	4
122	4154	2
122	4722	1
122	5631	1
122	5632	1
123	123	3
124	124	1
127	127	2
127	1708	2
128	129	1
128	251	1
130	130	1
131	131	1
132	132	20
132	137	1
132	3069	1
132	3537	2
132	3633	2
132	5339	2
132	5340	2
132	5341	2
132	5342	2
132	5343	2
132	5344	2
132	5345	2
132	5346	2
132	5347	2
134	276	3
135	135	4
135	136	16
135	3335	1
135	3336	1
135	3337	1
135	3338	1
135	3339	1
135	5553	1
136	136	67
136	812	5
136	2355	6
136	2707	1
136	3335	1
136	3336	1
136	3337	1
136	3338	1
136	3339	1
136	5216	2
136	5553	1
136	5585	4
137	137	9
139	139	1
139	140	2
143	143	1
146	4207	1
148	149	2
149	4706	2
151	152	1
154	154	2
154	1329	1
154	1345	1
154	1346	1
154	2736	1
154	3765	1
154	3766	1
154	3767	1
154	4529	1
154	4530	1
155	3898	3
156	156	2
156	191	2
157	157	2
157	477	2
160	161	1
163	2820	1
167	167	7
167	168	1
167	1183	2
167	1200	1
167	1460	1
167	2026	1
167	3075	1
167	3076	1
168	308	1
168	475	2
168	918	1
170	170	1
171	171	1
171	3148	1
171	3149	1
171	4527	1
171	4606	2
171	4607	2
171	4834	1
171	5293	1
173	174	1
175	175	1
175	884	1
175	885	1
175	970	2
175	971	2
175	4189	1
178	178	1
179	179	9
179	180	8
181	584	1
181	2500	1
182	182	9
182	769	1
182	851	4
182	1523	2
182	1524	2
182	1525	2
182	2508	16
183	256	1
183	2682	1
183	4144	1
185	186	3
185	4355	1
185	4356	1
186	186	1
186	4355	2
186	4356	2
193	193	6
195	639	1
195	1184	1
195	1420	1
195	2315	1
195	2322	3
195	3227	1
197	197	29
197	1241	1
197	2314	4
199	199	2
199	1428	1
199	5452	1
199	5453	1
201	202	1
203	439	1
203	4647	1
205	205	1
206	207	1
208	208	4
208	209	7
208	1835	1
208	2241	2
208	2600	3
210	211	1
212	212	2
213	3985	1
213	3986	1
213	5380	1
214	214	2
214	1704	2
218	300	1
218	1866	1
219	219	79
219	2395	20
219	2396	20
219	2397	5
219	4092	1
219	4099	2
219	4100	2
219	5104	1
221	221	1
223	223	1
226	940	1
226	941	1
228	475	2
229	229	2
233	759	2
233	2856	1
233	2857	1
239	240	1
242	243	1
244	244	1
246	247	1
248	248	15
248	249	18
249	249	1
250	250	2
250	3244	1
250	3245	1
251	592	1
252	252	5
252	253	19
252	3891	2
252	3892	2
253	253	4
253	612	13
263	263	1
264	265	1
264	266	1
265	266	1
266	266	1
266	418	1
266	4015	4
266	4131	1
266	4132	1
266	4556	1
267	267	19
267	2360	1
267	2690	1
267	3860	1
270	270	1
270	652	1
273	274	1
273	275	1
274	275	1
276	276	1
278	278	3
278	279	1
278	280	2
278	414	1
278	527	1
278	599	1
278	1341	2
278	1969	1
278	1995	2
278	2609	1
278	3768	4
278	5120	1
279	280	1
279	643	1
280	280	1
280	927	1
280	1223	1
280	1224	1
280	2038	2
280	2451	2
280	2609	1
280	3967	1
280	3968	1
281	281	3
283	284	1
288	288	3
290	290	1
290	1371	1
290	1900	1
290	4034	2
290	4451	1
290	4479	1
290	4655	1
290	5233	1
293	2533	1
298	298	3
300	300	1
300	648	3
300	2794	1
301	302	1
301	303	1
302	303	1
304	305	1
305	456	1
305	710	3
305	1680	1
305	1681	1
307	307	19
307	2234	9
308	308	2
310	310	1
314	315	1
316	316	1
316	317	4
316	318	4
317	317	1
317	318	4
318	318	1
323	323	1
323	324	2
324	324	1
327	328	1
329	2566	1
332	983	2
333	3910	1
334	1475	1
335	336	2
335	337	2
335	338	2
335	339	2
335	340	2
335	341	2
335	342	2
335	343	4
335	344	2
335	345	3
336	337	2
336	338	2
336	339	2
336	340	2
336	341	2
336	342	2
336	343	4
336	344	2
336	345	3
337	338	2
337	339	2
337	340	2
337	341	2
337	342	2
337	343	4
337	344	2
337	345	3
338	339	2
338	340	2
338	341	2
338	342	2
338	343	4
338	344	2
338	345	3
339	340	2
339	341	2
339	342	2
339	343	4
339	344	2
339	345	3
340	341	2
340	342	2
340	343	4
340	344	2
340	345	3
341	342	2
341	343	4
341	344	2
341	345	3
342	343	4
342	344	2
342	345	3
343	343	6
343	344	15
343	345	6
343	3075	5
343	4504	6
343	4505	6
343	4506	6
343	4507	3
343	4508	6
343	4509	3
343	4510	6
343	4511	6
343	4512	6
343	4513	3
343	4514	3
343	5489	2
343	5490	2
343	5491	2
344	344	3
344	345	3
344	3075	4
344	4504	6
344	4505	6
344	4506	6
344	4507	3
344	4508	6
344	4509	3
344	4510	6
344	4511	6
344	4512	6
344	4513	3
344	4514	3
344	5489	1
344	5490	1
344	5491	1
345	345	1
346	346	3
347	348	2
347	809	1
348	809	1
352	352	1
352	4112	1
353	353	1
353	4448	1
353	4658	1
354	355	1
358	1639	1
358	3190	1
361	362	1
363	363	1
363	1800	2
363	2282	1
363	3859	5
363	4208	2
363	4209	2
363	4280	1
364	364	2
364	418	1
364	1518	1
364	1883	1
364	2343	1
364	3900	3
364	4335	1
364	4340	1
365	365	48
365	3751	2
366	366	1
366	2162	1
372	373	2
372	374	3
373	374	3
374	374	3
376	376	1
379	379	2
383	384	2
385	385	3
385	1263	2
386	386	1
388	389	1
388	3599	1
390	391	1
395	414	1
395	1047	1
398	4845	1
399	400	1
401	402	1
403	404	1
404	404	1
404	4265	2
408	408	1
408	4153	2
411	411	1
411	412	1
411	413	1
411	414	1
411	1021	1
411	1022	1
411	1148	1
411	1980	1
411	1981	1
412	413	1
412	414	2
412	521	2
413	414	1
414	521	3
414	599	1
414	666	1
414	924	1
414	925	1
414	926	1
414	927	1
414	1224	1
414	1403	3
414	1888	1
414	2400	1
414	4469	1
414	5560	1
415	502	1
417	2156	1
418	3226	1
419	420	2
419	2843	1
420	552	5
420	1026	1
420	2198	2
420	2843	2
420	4102	1
420	4103	1
421	421	2
421	422	2
421	423	2
421	424	2
421	425	2
421	426	2
421	427	2
421	428	2
421	429	2
421	430	2
421	431	2
421	966	2
421	2694	1
421	5481	1
422	423	1
422	424	1
422	425	1
422	426	1
422	427	1
422	428	1
422	429	1
422	430	1
422	431	1
423	424	1
423	425	1
423	426	1
423	427	1
423	428	1
423	429	1
423	430	1
423	431	1
424	425	1
424	426	1
424	427	1
424	428	1
424	429	1
424	430	1
424	431	1
425	426	1
425	427	1
425	428	1
425	429	1
425	430	1
425	431	1
426	427	1
426	428	1
426	429	1
426	430	1
426	431	1
427	428	1
427	429	1
427	430	1
427	431	1
428	429	1
428	430	1
428	431	1
429	430	1
429	431	1
430	431	1
433	433	1
437	1287	1
438	438	3
440	440	4
441	441	2
441	937	2
441	1446	1
441	2192	2
441	2193	3
441	2221	1
441	4061	1
441	5074	1
444	444	11
444	445	5
444	491	2
444	492	2
444	582	13
444	4619	3
445	582	1
448	449	1
449	552	1
449	591	1
451	451	1
451	2371	1
451	2372	1
451	4944	2
453	453	1
453	597	2
453	598	2
457	457	1
457	458	2
460	460	8
461	549	1
463	464	1
463	2131	1
468	468	3
468	3511	3
471	471	1
471	1952	1
471	1953	1
471	2025	1
471	3897	1
471	5258	1
471	5259	1
472	473	1
475	475	1
475	2277	1
475	2278	1
476	476	2
483	483	2
485	485	2
486	486	7
490	490	10
491	492	1
495	568	1
495	3963	1
495	4129	1
496	1788	1
498	767	1
498	1233	1
498	1371	1
501	501	1
503	503	43
508	509	1
511	511	6
511	1960	3
511	4720	3
511	4721	3
514	514	4
516	516	3
516	4911	1
517	517	17
517	1001	2
517	1002	2
517	1003	2
517	2195	7
521	586	1
521	1045	1
521	1403	2
521	1888	1
521	2400	1
527	527	8
527	528	1
527	529	1
527	4554	1
528	529	1
530	530	1
530	2844	1
531	531	2
531	3236	5
531	3237	3
531	4818	2
532	533	1
534	535	1
534	536	1
535	536	1
537	538	1
537	539	1
537	540	1
538	539	1
538	540	1
539	540	1
541	2074	1
541	2261	1
543	543	1
544	4525	1
545	545	1
549	549	6
549	623	1
550	551	2
551	551	1
553	553	3
553	3958	1
553	4059	1
556	557	1
557	1423	1
557	1424	1
558	558	1
559	559	1
560	560	10
560	652	1
560	1298	2
560	1531	1
560	1566	1
560	2888	2
560	3230	1
560	3479	1
560	3480	1
560	3481	1
563	564	1
565	566	1
567	567	1
568	589	1
568	5559	1
571	572	1
571	1713	1
573	574	1
573	575	1
574	575	1
576	576	14
576	1434	4
578	578	1
580	580	6
582	4619	1
587	587	3
592	592	1
592	2186	2
593	594	1
593	595	1
594	595	1
596	596	2
596	618	5
597	598	1
599	599	3
599	1327	1
599	1328	1
599	1329	1
599	3191	1
600	1199	2
601	602	1
602	1870	1
604	2491	1
606	606	5
606	607	10
607	607	4
608	608	1
609	609	3
612	612	4
612	3891	6
612	3892	3
616	1027	1
616	1836	1
617	617	1
618	618	2
618	2726	2
618	2727	2
625	625	1
625	1677	1
625	1678	1
626	3287	1
629	629	1
633	634	1
633	635	1
633	636	1
633	637	1
634	635	1
634	636	1
634	637	1
635	636	1
635	637	1
636	637	1
638	765	2
644	644	1
645	646	1
647	647	6
648	648	7
648	1528	2
648	1529	2
648	1530	2
648	3011	1
649	650	1
649	651	1
650	651	1
651	651	1
651	3604	2
652	1298	1
653	653	9
668	669	2
671	672	1
672	672	3
675	676	1
677	677	1
687	687	2
687	688	4
687	689	6
687	690	2
687	4752	4
688	689	3
688	690	1
688	4752	2
689	689	1
689	690	1
689	4752	4
693	693	1
693	694	2
695	696	1
700	701	1
702	2616	1
709	709	1
709	1742	1
709	1743	1
709	3719	1
710	710	13
710	1680	1
710	1681	1
711	4098	1
714	4699	1
714	4700	1
721	721	1
722	4417	2
722	4418	1
722	4419	2
726	726	6
729	729	1
729	730	3
735	736	1
738	738	5
738	3858	1
741	741	1
742	743	1
742	1330	1
742	3197	1
742	5353	1
742	5354	1
742	5355	1
744	745	1
746	746	3
749	750	1
752	752	2
752	753	1
752	826	1
752	924	1
752	1224	1
752	1295	4
752	1366	2
752	1446	1
752	3191	1
752	5399	1
756	757	1
759	2856	1
759	2857	1
763	764	1
765	765	1
772	772	3
772	773	6
773	773	1
775	775	9
776	1134	1
777	777	5
778	778	2
778	1477	2
778	2701	2
778	2702	2
778	2703	2
778	2704	2
778	3706	1
778	3707	1
780	780	1
781	782	1
781	783	1
782	783	1
791	791	7
795	796	2
795	2354	1
795	4625	1
796	796	2
796	2283	2
796	4625	1
798	799	1
800	800	1
802	802	4
806	807	1
808	808	3
812	812	1
812	5488	2
816	816	6
819	819	1
820	821	1
820	822	1
820	823	1
820	824	1
820	825	1
821	822	1
821	823	1
821	824	1
821	825	1
822	823	1
822	824	1
822	825	1
823	824	1
823	825	1
824	825	1
826	827	1
826	924	1
826	1224	1
826	1446	1
826	3191	1
826	5399	1
830	830	1
830	831	1
833	833	1
834	834	3
836	1666	1
837	838	1
843	843	1
844	845	1
847	2365	1
848	848	3
848	849	12
848	850	3
849	849	6
849	850	4
851	851	5
851	2154	4
854	854	1
855	856	1
855	857	1
855	858	1
856	857	1
856	858	1
857	858	1
860	860	1
860	1547	4
860	2990	2
860	4796	2
860	4874	4
860	4875	4
860	4876	4
860	4877	2
860	4878	2
860	4879	2
860	4880	2
860	4881	2
860	4882	2
860	4883	2
860	4884	2
860	4885	2
860	4886	2
860	4887	2
860	4888	2
860	4889	2
860	4890	2
860	4891	2
860	4892	2
860	4893	2
860	4894	2
860	4895	2
860	4896	2
860	4897	2
860	4898	2
860	4899	2
860	4900	2
860	4901	2
860	4902	2
860	4903	2
860	4904	2
860	4905	2
860	4906	2
869	870	1
871	872	1
873	873	3
873	874	2
875	875	3
876	877	1
884	885	1
886	886	3
888	888	16
888	2491	1
888	4155	1
888	4156	1
890	891	3
893	893	1
893	894	4
893	895	4
894	894	1
894	895	4
895	895	1
898	898	1
899	899	5
901	901	1
904	904	1
905	905	3
905	906	1
905	1772	2
905	3243	4
906	1058	1
907	3086	1
910	911	1
911	955	1
911	4313	1
914	4646	1
915	916	1
916	916	4
919	919	1
919	920	2
919	921	2
919	922	2
919	923	4
920	921	1
920	922	1
920	923	2
921	922	1
921	923	2
922	923	2
923	923	1
924	925	1
924	926	1
924	927	1
924	1224	2
924	1446	1
924	3191	1
924	4468	1
924	4469	1
924	4470	1
924	5399	1
925	926	1
925	927	1
925	1343	1
926	927	1
927	3967	1
927	3968	1
928	928	3
928	3458	1
931	1099	1
931	1678	1
931	1780	1
932	932	1
932	933	2
938	939	1
938	2034	1
940	940	1
940	941	3
941	5020	1
942	942	2
942	943	1
943	943	2
946	947	1
949	950	1
951	951	3
951	952	3
953	4162	1
955	955	1
955	4291	2
955	4292	2
959	960	2
960	960	1
962	963	2
962	964	2
962	965	2
962	966	1
963	964	2
963	965	2
963	966	1
964	965	2
964	966	1
965	966	1
966	2625	1
966	2694	3
966	4256	1
966	4257	1
969	969	1
970	971	1
973	973	1
974	974	1
975	976	1
975	977	1
975	978	1
975	979	1
975	980	1
976	977	1
976	978	1
976	979	1
976	980	1
977	978	1
977	979	1
977	980	1
978	979	1
978	980	1
979	980	1
984	985	1
984	986	1
984	987	1
984	988	1
984	989	1
985	986	1
985	987	1
985	988	1
985	989	1
986	987	1
986	988	1
986	989	1
987	988	1
987	989	1
988	989	1
989	3070	1
989	3071	1
989	3072	1
989	3073	1
989	3074	1
993	994	1
993	995	1
994	995	1
996	997	1
1001	1002	1
1001	1003	1
1002	1003	1
1006	1007	1
1006	1008	1
1006	1009	1
1006	1010	1
1006	1011	1
1007	1008	1
1007	1009	1
1007	1010	1
1007	1011	1
1008	1009	1
1008	1010	1
1008	1011	1
1009	1010	1
1009	1011	1
1010	1011	1
1013	1013	3
1019	1019	1
1021	1022	1
1027	2227	1
1028	1028	1
1031	1031	1
1032	1032	1
1032	1033	2
1034	1034	1
1034	1066	2
1034	1067	2
1037	1037	1
1037	1038	4
1037	1039	2
1038	1038	1
1038	1039	2
1041	1041	1
1045	1046	1
1056	1057	1
1057	1057	1
1059	1060	1
1059	1061	3
1060	1061	1
1061	1061	1
1066	1067	1
1068	1068	1
1069	1069	3
1069	4736	3
1069	4737	9
1070	1071	1
1073	1073	21
1073	5520	2
1073	5521	2
1073	5522	1
1073	5523	1
1073	5524	1
1073	5525	1
1073	5526	1
1073	5527	1
1073	5528	1
1073	5529	1
1073	5530	1
1075	1076	1
1075	1077	1
1075	1078	1
1075	1079	1
1075	1080	1
1076	1077	1
1076	1078	1
1076	1079	1
1076	1080	1
1077	1078	1
1077	1079	1
1077	1080	1
1077	1996	1
1077	1997	1
1077	1998	1
1077	1999	1
1077	2000	1
1078	1079	1
1078	1080	1
1079	1080	1
1079	1999	1
1079	2366	1
1079	2367	1
1079	2368	1
1079	2369	1
1083	1083	1
1084	4695	1
1087	1088	2
1092	1092	2
1092	1093	4
1092	1094	7
1092	1095	2
1093	1093	1
1093	1094	2
1093	1095	2
1094	1095	1
1097	1097	21
1097	1249	4
1097	1250	2
1100	1101	1
1100	1102	1
1100	1103	1
1100	1104	1
1100	1105	1
1100	1106	1
1100	1107	1
1100	1108	1
1100	1109	1
1101	1102	1
1101	1103	1
1101	1104	1
1101	1105	1
1101	1106	1
1101	1107	1
1101	1108	1
1101	1109	1
1102	1103	1
1102	1104	1
1102	1105	1
1102	1106	1
1102	1107	1
1102	1108	1
1102	1109	1
1103	1104	1
1103	1105	1
1103	1106	1
1103	1107	1
1103	1108	1
1103	1109	1
1104	1105	1
1104	1106	1
1104	1107	1
1104	1108	1
1104	1109	1
1105	1106	1
1105	1107	1
1105	1108	1
1105	1109	1
1106	1107	1
1106	1108	1
1106	1109	1
1107	1108	1
1107	1109	1
1108	1109	1
1111	1111	1
1111	1112	6
1111	1113	2
1112	1112	3
1112	1113	5
1112	5562	4
1113	5562	4
1115	1116	1
1119	1119	1
1121	1121	12
1121	1658	16
1121	3607	2
1121	3608	2
1124	3153	1
1129	1130	1
1132	1132	1
1133	3568	1
1133	3569	1
1139	1139	33
1139	2120	2
1139	2121	2
1139	2122	2
1139	3432	6
1139	4288	2
1139	4289	2
1139	4290	2
1140	1140	3
1145	1146	1
1149	1150	1
1149	1151	1
1149	1152	1
1149	1153	1
1149	1154	1
1150	1151	1
1150	1152	1
1150	1153	1
1150	1154	1
1151	1152	1
1151	1153	1
1151	1154	1
1152	1153	1
1152	1154	1
1153	1154	1
1154	2054	1
1154	2055	1
1154	2056	1
1154	2057	1
1154	2058	1
1159	1160	1
1160	3925	1
1162	2099	1
1170	1171	1
1180	1181	1
1191	1191	1
1193	1194	1
1193	1195	1
1194	1195	1
1200	4021	1
1203	1203	3
1208	1209	1
1208	1210	1
1208	1211	1
1208	1212	1
1208	1213	1
1208	1214	1
1208	1215	1
1208	1216	1
1208	1217	1
1209	1210	1
1209	1211	1
1209	1212	1
1209	1213	1
1209	1214	1
1209	1215	1
1209	1216	1
1209	1217	1
1210	1211	1
1210	1212	1
1210	1213	1
1210	1214	1
1210	1215	1
1210	1216	1
1210	1217	1
1211	1212	1
1211	1213	1
1211	1214	1
1211	1215	1
1211	1216	1
1211	1217	1
1212	1213	1
1212	1214	1
1212	1215	1
1212	1216	1
1212	1217	1
1213	1214	1
1213	1215	1
1213	1216	1
1213	1217	1
1214	1215	1
1214	1216	1
1214	1217	1
1215	1216	1
1215	1217	1
1216	1217	1
1222	1222	1
1223	1224	1
1224	1446	1
1224	3191	1
1224	4468	1
1224	4469	2
1224	4470	1
1224	5399	1
1224	5560	1
1228	1228	35
1230	1231	1
1234	1234	1
1236	1237	1
1242	1242	1
1242	1243	4
1242	1244	4
1242	1245	4
1242	1246	4
1242	1247	2
1243	1243	1
1243	1244	4
1243	1245	4
1243	1246	4
1243	1247	2
1244	1244	1
1244	1245	4
1244	1246	4
1244	1247	2
1245	1245	1
1245	1246	4
1245	1247	2
1246	1246	1
1246	1247	2
1249	1249	1
1249	1250	2
1252	1253	1
1252	1254	1
1253	1254	1
1255	1256	1
1260	1260	1
1262	1262	3
1264	1264	4
1264	1539	3
1271	1271	1
1273	1274	1
1273	1275	1
1273	1276	1
1273	1277	1
1273	1278	1
1273	1279	1
1273	1280	1
1273	1281	1
1273	1282	1
1273	1283	1
1273	1284	1
1274	1275	1
1274	1276	1
1274	1277	1
1274	1278	1
1274	1279	1
1274	1280	1
1274	1281	1
1274	1282	1
1274	1283	1
1274	1284	1
1275	1276	1
1275	1277	1
1275	1278	1
1275	1279	1
1275	1280	1
1275	1281	1
1275	1282	1
1275	1283	1
1275	1284	1
1276	1277	1
1276	1278	1
1276	1279	1
1276	1280	1
1276	1281	1
1276	1282	1
1276	1283	1
1276	1284	1
1277	1278	1
1277	1279	1
1277	1280	1
1277	1281	1
1277	1282	1
1277	1283	1
1277	1284	1
1278	1279	1
1278	1280	1
1278	1281	1
1278	1282	1
1278	1283	1
1278	1284	1
1279	1280	1
1279	1281	1
1279	1282	1
1279	1283	1
1279	1284	1
1280	1281	1
1280	1282	1
1280	1283	1
1280	1284	1
1281	1282	1
1281	1283	1
1281	1284	1
1282	1283	1
1282	1284	1
1283	1284	1
1289	1290	1
1289	2528	1
1289	2529	1
1289	2530	1
1289	2811	1
1289	3364	1
1289	3365	1
1292	1293	1
1295	1295	1
1308	1308	1
1308	1309	5
1308	1310	5
1308	1311	3
1309	1309	1
1309	1310	5
1309	1311	3
1310	1310	1
1310	1311	3
1313	1313	1
1319	1319	10
1319	1320	5
1327	1328	1
1327	1329	1
1328	1329	1
1329	4529	1
1329	4530	1
1331	1331	1
1331	1332	2
1331	1333	2
1332	1333	1
1334	1334	1
1335	1335	1
1335	1336	2
1336	1336	3
1338	4611	1
1341	1504	1
1344	1344	1
1345	1345	1
1345	1346	1
1348	1348	1
1351	1351	3
1352	1353	1
1359	1360	1
1361	1361	1
1361	2991	4
1368	5161	1
1370	2551	1
1370	4931	1
1370	5400	1
1373	1374	1
1373	1375	1
1373	1376	2
1374	1375	1
1374	1376	2
1375	1376	2
1376	1376	1
1378	1379	1
1380	1380	3
1380	4065	2
1381	1923	1
1381	5296	2
1386	1387	1
1386	1388	1
1386	1389	1
1387	1388	1
1387	1389	1
1388	1389	1
1398	1398	8
1398	1399	6
1398	1400	4
1399	1399	17
1399	1400	3
1400	1400	1
1401	1402	1
1403	1403	1
1403	2400	2
1407	1408	1
1407	1409	1
1407	1410	1
1407	1411	1
1407	1412	1
1408	1409	1
1408	1410	1
1408	1411	1
1408	1412	1
1409	1410	1
1409	1411	1
1409	1412	1
1410	1411	1
1410	1412	1
1411	1412	1
1413	3194	1
1414	1414	7
1415	1415	1
1415	3124	1
1415	3125	1
1417	1417	6
1418	1418	1
1422	1422	1
1423	1424	1
1426	1427	1
1430	1430	1
1431	1431	1
1431	1432	1
1431	4605	3
1431	5139	2
1434	1434	1
1437	1437	1
1438	1439	1
1438	1440	1
1439	1440	1
1441	1442	1
1443	3789	1
1443	3790	1
1443	3791	1
1443	3792	1
1446	3191	1
1446	5074	1
1446	5399	1
1448	1448	10
1448	2974	6
1448	2975	4
1448	2976	2
1448	2977	2
1448	2978	2
1448	2979	2
1448	2980	2
1448	2981	2
1448	2982	2
1448	2983	2
1448	2984	2
1453	1454	1
1458	1458	1
1459	1459	1
1460	4603	1
1461	1461	9
1462	1463	1
1465	1466	1
1465	1467	1
1465	1468	1
1466	1467	1
1466	1468	1
1467	1468	1
1477	1547	4
1477	2701	1
1477	2702	1
1477	2703	1
1477	2704	1
1477	2969	1
1477	2970	1
1477	2971	1
1477	4669	1
1477	4670	1
1477	4671	1
1477	4672	1
1477	5050	1
1477	5051	1
1477	5052	1
1478	1479	1
1478	1480	1
1478	1481	1
1478	1482	1
1478	1483	1
1478	1484	1
1478	1485	1
1478	1486	1
1478	1487	1
1478	2961	1
1478	2962	1
1478	2963	1
1478	2964	1
1478	2965	1
1479	1480	1
1479	1481	1
1479	1482	1
1479	1483	1
1479	1484	1
1479	1485	1
1479	1486	1
1479	1487	1
1480	1481	1
1480	1482	1
1480	1483	1
1480	1484	1
1480	1485	1
1480	1486	1
1480	1487	1
1481	1482	1
1481	1483	1
1481	1484	1
1481	1485	1
1481	1486	1
1481	1487	1
1481	2959	1
1481	3102	1
1481	3103	1
1481	3104	1
1481	3618	1
1481	3619	1
1481	3620	1
1481	3621	1
1481	4791	1
1481	4792	1
1481	4793	1
1481	4794	1
1481	4795	1
1481	4796	1
1481	4797	1
1481	4798	1
1482	1483	1
1482	1484	1
1482	1485	1
1482	1486	1
1482	1487	1
1483	1484	1
1483	1485	1
1483	1486	1
1483	1487	1
1484	1485	1
1484	1486	1
1484	1487	1
1485	1486	1
1485	1487	1
1486	1487	1
1486	1691	1
1486	2457	1
1486	2458	1
1486	2459	1
1486	2460	1
1486	2461	1
1486	2462	1
1486	2463	1
1486	2464	1
1486	2465	1
1486	2466	1
1486	3012	1
1486	3013	1
1486	3014	1
1486	3015	1
1498	1498	1
1498	1499	1
1503	1504	1
1504	2610	1
1505	1505	1
1506	1506	23
1508	1509	2
1512	1513	1
1515	1516	1
1521	1522	1
1523	1524	1
1523	1525	1
1524	1525	1
1526	1527	1
1528	1529	1
1528	1530	1
1529	1530	1
1534	1535	1
1534	1536	1
1534	1537	1
1535	1536	1
1535	1537	1
1536	1537	1
1543	1543	1
1546	1547	2
1547	1547	22
1547	2219	2
1547	2990	2
1547	3738	2
1547	3739	2
1547	4413	1
1547	4414	1
1547	4415	1
1547	4416	1
1547	4669	2
1547	4670	2
1547	4671	2
1547	4672	2
1547	4796	2
1547	4874	4
1547	4875	4
1547	4876	4
1547	4877	2
1547	4878	2
1547	4879	2
1547	4880	2
1547	4881	2
1547	4882	2
1547	4883	2
1547	4884	2
1547	4885	2
1547	4886	2
1547	4887	2
1547	4888	2
1547	4889	2
1547	4890	2
1547	4891	2
1547	4892	2
1547	4893	2
1547	4894	2
1547	4895	2
1547	4896	2
1547	4897	2
1547	4898	2
1547	4899	2
1547	4900	2
1547	4901	2
1547	4902	2
1547	4903	2
1547	4904	2
1547	4905	2
1547	4906	2
1547	5050	2
1547	5051	2
1547	5052	2
1550	1550	3
1550	1551	3
1554	1555	1
1556	1556	1
1556	1557	4
1556	2068	1
1557	1557	1
1566	1566	2
1566	3479	1
1566	3480	1
1566	3481	1
1578	1579	1
1581	1582	1
1583	1584	1
1587	1588	1
1587	1589	1
1588	1589	1
1589	2101	1
1589	2102	1
1589	2103	1
1590	1590	2
1591	1592	1
1591	1593	1
1592	1593	1
1595	1595	10
1595	1596	8
1595	3540	3
1596	3540	1
1600	1601	1
1606	1607	1
1613	1613	1
1613	1614	8
1613	1615	2
1613	1616	2
1614	1614	12
1614	1615	8
1614	1616	4
1614	4767	4
1614	4768	4
1614	4769	4
1614	4770	4
1615	1616	1
1615	4767	1
1615	4768	1
1615	4769	1
1615	4770	1
1619	1620	1
1623	1624	1
1623	1625	1
1623	1626	1
1624	1625	1
1624	1626	1
1625	1626	1
1627	1627	3
1632	1632	2
1634	1635	1
1634	1636	1
1635	1636	1
1637	1637	1
1643	1644	1
1643	1645	1
1643	1646	1
1643	1647	1
1643	1648	1
1643	1649	1
1643	1650	1
1643	1651	1
1643	1652	1
1643	1653	1
1643	1654	1
1643	2876	1
1643	2902	1
1643	2903	1
1643	2904	1
1643	2905	1
1643	2906	1
1643	2907	1
1643	2908	1
1643	2909	1
1644	1645	1
1644	1646	1
1644	1647	1
1644	1648	1
1644	1649	1
1644	1650	1
1644	1651	1
1644	1652	1
1644	1653	1
1644	1654	1
1645	1646	1
1645	1647	1
1645	1648	1
1645	1649	1
1645	1650	1
1645	1651	1
1645	1652	1
1645	1653	1
1645	1654	1
1646	1647	1
1646	1648	1
1646	1649	1
1646	1650	1
1646	1651	1
1646	1652	1
1646	1653	1
1646	1654	1
1647	1648	1
1647	1649	1
1647	1650	1
1647	1651	1
1647	1652	1
1647	1653	1
1647	1654	1
1648	1649	1
1648	1650	1
1648	1651	1
1648	1652	1
1648	1653	1
1648	1654	1
1649	1650	1
1649	1651	1
1649	1652	1
1649	1653	1
1649	1654	1
1649	1690	1
1649	2481	1
1649	4723	1
1649	4724	1
1649	4725	1
1649	4726	1
1649	4727	1
1649	4728	1
1649	4729	1
1649	4730	1
1650	1651	1
1650	1652	1
1650	1653	1
1650	1654	1
1651	1652	1
1651	1653	1
1651	1654	1
1652	1653	1
1652	1654	1
1652	3621	1
1652	3679	1
1652	3680	1
1652	3681	1
1652	3682	1
1653	1654	1
1656	1656	1
1656	1657	2
1656	4937	1
1656	4938	1
1658	1658	24
1658	4990	3
1658	4991	3
1658	4992	3
1658	4993	3
1658	4994	3
1659	1660	1
1659	1661	1
1659	1662	1
1660	1661	1
1660	1662	1
1661	1662	1
1663	1664	1
1663	1665	1
1664	1665	1
1668	1668	12
1668	2076	1
1668	2077	1
1668	2078	1
1668	2079	1
1668	2080	1
1668	2081	1
1668	3434	6
1668	3435	6
1668	3436	6
1668	3437	6
1668	3438	6
1668	3439	6
1668	3440	6
1668	3441	6
1668	3442	6
1672	1673	1
1672	1674	1
1673	1674	1
1676	1676	1
1677	1678	1
1678	1780	1
1680	1681	1
1682	1682	2
1684	1685	1
1684	1686	1
1684	1687	1
1684	1688	1
1684	1689	1
1684	1690	1
1684	1691	1
1685	1686	1
1685	1687	1
1685	1688	1
1685	1689	1
1685	1690	1
1685	1691	1
1686	1687	1
1686	1688	1
1686	1689	1
1686	1690	1
1686	1691	1
1687	1688	1
1687	1689	1
1687	1690	1
1687	1691	1
1688	1689	1
1688	1690	1
1688	1691	1
1689	1690	1
1689	1691	1
1690	1691	1
1690	2267	1
1690	2268	1
1690	2269	1
1690	2270	1
1690	2271	1
1690	2272	1
1690	2273	1
1690	2481	1
1690	3838	1
1690	4395	1
1690	4723	1
1690	4724	1
1690	4725	1
1690	4726	1
1690	4727	1
1690	4728	1
1690	4729	1
1690	4730	1
1690	5565	1
1690	5566	1
1690	5567	1
1690	5568	1
1690	5569	1
1690	5570	1
1690	5571	1
1690	5572	1
1690	5573	1
1690	5574	1
1690	5575	1
1690	5576	1
1690	5577	1
1690	5578	1
1690	5579	1
1691	2457	1
1691	2458	1
1691	2459	1
1691	2460	1
1691	2461	1
1691	2462	1
1691	2463	1
1691	2464	1
1691	2465	1
1691	2466	1
1692	1692	6
1694	1695	1
1696	3077	2
1697	1698	2
1705	1705	1
1705	1706	2
1705	1707	2
1706	1707	1
1707	3641	1
1714	1715	1
1714	3368	1
1716	1716	1
1716	1717	4
1716	1718	2
1716	1719	2
1716	1720	2
1716	1721	2
1717	1717	1
1717	1718	2
1717	1719	2
1717	1720	2
1717	1721	2
1718	1719	1
1718	1720	1
1718	1721	1
1719	1720	1
1719	1721	1
1720	1721	1
1722	1723	1
1722	1724	1
1722	1725	1
1722	1726	1
1722	1727	1
1722	1728	1
1722	1729	1
1723	1724	1
1723	1725	1
1723	1726	1
1723	1727	1
1723	1728	1
1723	1729	1
1724	1725	1
1724	1726	1
1724	1727	1
1724	1728	1
1724	1729	1
1725	1726	1
1725	1727	1
1725	1728	1
1725	1729	1
1726	1727	1
1726	1728	1
1726	1729	1
1727	1728	1
1727	1729	1
1728	1729	1
1730	1730	3
1734	1734	13
1734	1735	3
1738	1738	1
1739	1739	1
1742	1743	1
1745	1746	1
1747	3927	1
1747	3928	1
1751	1752	1
1751	1753	1
1752	1753	1
1754	1754	4
1756	1756	1
1758	1759	1
1758	1760	1
1758	1761	1
1759	1760	1
1759	1761	1
1760	1761	1
1765	1765	3
1775	1776	1
1778	1779	1
1783	1783	3
1788	1788	1
1791	1791	1
1792	1793	1
1797	1797	2
1797	4692	6
1797	4693	2
1797	5425	2
1799	1799	6
1799	3832	3
1803	1804	1
1803	1805	1
1803	1806	1
1804	1805	1
1804	1806	1
1805	1806	1
1811	1812	1
1811	1813	1
1811	1814	1
1811	1815	1
1811	1816	1
1811	1817	1
1812	1813	1
1812	1814	1
1812	1815	1
1812	1816	1
1812	1817	1
1813	1814	1
1813	1815	1
1813	1816	1
1813	1817	1
1814	1815	1
1814	1816	1
1814	1817	1
1815	1816	1
1815	1817	1
1816	1817	1
1822	1823	1
1828	1829	1
1828	1830	1
1828	1831	1
1828	1832	1
1828	1833	1
1828	1834	1
1829	1830	1
1829	1831	1
1829	1832	1
1829	1833	1
1829	1834	1
1830	1831	1
1830	1832	1
1830	1833	1
1830	1834	1
1831	1832	1
1831	1833	1
1831	1834	1
1832	1833	1
1832	1834	1
1833	1834	1
1837	1837	1
1839	1840	1
1839	1841	1
1839	1842	1
1839	1843	1
1839	1844	1
1839	1845	1
1839	1846	1
1840	1841	1
1840	1842	1
1840	1843	1
1840	1844	1
1840	1845	1
1840	1846	1
1841	1842	1
1841	1843	1
1841	1844	1
1841	1845	1
1841	1846	1
1842	1843	1
1842	1844	1
1842	1845	1
1842	1846	1
1843	1844	1
1843	1845	1
1843	1846	1
1844	1845	1
1844	1846	1
1845	1846	1
1848	1849	1
1848	1850	1
1848	1851	1
1848	1852	1
1849	1850	1
1849	1851	1
1849	1852	1
1850	1851	1
1850	1852	1
1851	1852	1
1857	1858	1
1861	1862	1
1861	1863	1
1861	1864	1
1861	1865	1
1862	1863	1
1862	1864	1
1862	1865	1
1863	1864	1
1863	1865	1
1864	1865	1
1867	1867	9
1868	2973	1
1869	1869	3
1872	1873	1
1872	1874	1
1872	1875	1
1872	1876	1
1872	1877	1
1872	1878	1
1872	1879	1
1873	1874	1
1873	1875	1
1873	1876	1
1873	1877	1
1873	1878	1
1873	1879	1
1874	1875	1
1874	1876	1
1874	1877	1
1874	1878	1
1874	1879	1
1875	1876	1
1875	1877	1
1875	1878	1
1875	1879	1
1876	1877	1
1876	1878	1
1876	1879	1
1877	1878	1
1877	1879	1
1878	1879	1
1884	1885	2
1885	1885	1
1892	1893	1
1901	1901	2
1904	1904	1
1904	1905	2
1904	1906	2
1905	1906	1
1910	1910	12
1910	1911	4
1910	2105	8
1910	4053	2
1910	4702	6
1911	4053	2
1912	1912	1
1918	1919	1
1930	1931	1
1932	1933	1
1938	1939	1
1940	4248	1
1940	4249	1
1942	1942	3
1943	1944	1
1943	1945	1
1943	1946	1
1943	1947	1
1944	1945	1
1944	1946	1
1944	1947	1
1945	1946	1
1945	1947	1
1946	1947	1
1948	1948	1
1948	3047	4
1950	1951	1
1952	1953	1
1952	3761	1
1954	1954	1
1955	1955	1
1956	1957	1
1960	1960	1
1960	1961	2
1960	2514	1
1960	2515	1
1960	4720	1
1960	4721	1
1960	5479	1
1960	5480	1
1964	1965	1
1974	1975	1
1980	1981	1
1982	2088	1
1985	1986	2
1987	1988	1
1989	1990	1
1990	2799	1
1992	1992	1
1992	1993	2
1996	1997	1
1996	1998	1
1996	1999	1
1996	2000	1
1997	1998	1
1997	1999	1
1997	2000	1
1998	1999	1
1998	2000	1
1999	2000	1
1999	2366	1
1999	2367	1
1999	2368	1
1999	2369	1
2002	2003	1
2002	2004	1
2002	2005	1
2002	2006	1
2002	2007	1
2002	2008	1
2002	2009	1
2002	2010	1
2002	2011	1
2003	2004	1
2003	2005	1
2003	2006	1
2003	2007	1
2003	2008	1
2003	2009	1
2003	2010	1
2003	2011	1
2004	2005	1
2004	2006	1
2004	2007	1
2004	2008	1
2004	2009	1
2004	2010	1
2004	2011	1
2005	2006	1
2005	2007	1
2005	2008	1
2005	2009	1
2005	2010	1
2005	2011	1
2006	2007	1
2006	2008	1
2006	2009	1
2006	2010	1
2006	2011	1
2007	2008	1
2007	2009	1
2007	2010	1
2007	2011	1
2008	2009	1
2008	2010	1
2008	2011	1
2009	2010	1
2009	2011	1
2010	2011	1
2012	2013	1
2016	2017	1
2022	2022	1
2029	2029	1
2031	2032	1
2033	2033	1
2035	4079	1
2037	2038	1
2038	2451	1
2038	4442	1
2038	4566	2
2038	4567	1
2038	4764	1
2038	4765	1
2041	2042	1
2043	2043	2
2054	2055	1
2054	2056	1
2054	2057	1
2054	2058	1
2055	2056	1
2055	2057	1
2055	2058	1
2056	2057	1
2056	2058	1
2057	2058	1
2060	2061	1
2062	2063	1
2068	2069	1
2075	2075	3
2076	2077	1
2076	2078	1
2076	2079	1
2076	2080	1
2076	2081	1
2077	2078	1
2077	2079	1
2077	2080	1
2077	2081	1
2078	2079	1
2078	2080	1
2078	2081	1
2079	2080	1
2079	2081	1
2080	2081	1
2085	2085	6
2085	2086	6
2088	2088	3
2091	2092	1
2093	2094	1
2101	2102	1
2101	2103	1
2102	2103	1
2105	4702	3
2106	2107	1
2112	2113	1
2114	2115	1
2114	2116	4
2115	2116	4
2116	2116	6
2118	2119	1
2120	2121	1
2120	2122	1
2121	2122	1
2127	2128	1
2127	2129	1
2127	2130	1
2128	2129	1
2128	2130	1
2129	2130	1
2135	2135	1
2137	2138	1
2137	2139	1
2137	2140	1
2138	2139	1
2138	2140	1
2139	2140	1
2142	2143	1
2145	2146	1
2145	2147	1
2145	2148	1
2146	2147	1
2146	2148	1
2147	2148	1
2152	2152	6
2152	4945	3
2154	2154	1
2160	2160	1
2170	2170	1
2171	2171	5
2171	2182	3
2171	2719	4
2171	2720	4
2171	2721	4
2171	2722	4
2171	2723	2
2171	2724	2
2171	4813	3
2174	2174	3
2174	2175	3
2177	2177	6
2177	5608	16
2177	5609	4
2177	5610	4
2177	5611	4
2179	2180	1
2181	2181	1
2182	2182	3
2182	3525	1
2182	4813	4
2184	2184	3
2189	2189	1
2192	2193	1
2195	2195	2
2204	2205	1
2210	2210	1
2217	2217	1
2218	2218	1
2219	3738	1
2219	3739	1
2223	2223	3
2223	2224	3
2230	2230	1
2231	2231	1
2234	2234	1
2238	2239	1
2242	2242	1
2245	2246	1
2247	2247	1
2247	2448	1
2247	2449	1
2247	2450	1
2249	2250	1
2249	2251	1
2250	2251	1
2253	2253	1
2254	2255	1
2258	2258	1
2259	2259	1
2260	2540	1
2260	2732	1
2263	2264	1
2263	2265	1
2263	2266	1
2264	2265	1
2264	2266	1
2265	2266	1
2267	2268	1
2267	2269	1
2267	2270	1
2267	2271	1
2267	2272	1
2267	2273	1
2268	2269	1
2268	2270	1
2268	2271	1
2268	2272	1
2268	2273	1
2269	2270	1
2269	2271	1
2269	2272	1
2269	2273	1
2270	2271	1
2270	2272	1
2270	2273	1
2271	2272	1
2271	2273	1
2272	2273	1
2274	2274	1
2277	2278	1
2280	2280	6
2280	2281	4
2288	2289	1
2289	2817	1
2289	2818	1
2289	2819	1
2291	2291	3
2296	2297	1
2300	2300	1
2303	2304	1
2306	2306	3
2314	2314	1
2319	2319	1
2320	2321	1
2323	2324	1
2323	2325	1
2323	2326	1
2323	2327	1
2323	2328	1
2323	2329	1
2323	2330	1
2323	2331	1
2323	2332	1
2324	2325	1
2324	2326	1
2324	2327	1
2324	2328	1
2324	2329	1
2324	2330	1
2324	2331	1
2324	2332	1
2325	2326	1
2325	2327	1
2325	2328	1
2325	2329	1
2325	2330	1
2325	2331	1
2325	2332	1
2326	2327	1
2326	2328	1
2326	2329	1
2326	2330	1
2326	2331	1
2326	2332	1
2327	2328	1
2327	2329	1
2327	2330	1
2327	2331	1
2327	2332	1
2328	2329	1
2328	2330	1
2328	2331	1
2328	2332	1
2329	2330	1
2329	2331	1
2329	2332	1
2330	2331	1
2330	2332	1
2331	2332	1
2334	2334	1
2336	2336	6
2338	2338	23
2339	2505	1
2340	2341	2
2342	2342	3
2345	2345	1
2348	2348	1
2348	2349	2
2350	2350	1
2353	2353	3
2353	2887	3
2356	2357	1
2356	2358	1
2357	2358	1
2366	2367	1
2366	2368	1
2366	2369	1
2367	2368	1
2367	2369	1
2368	2369	1
2371	2372	1
2376	2377	1
2379	2379	3
2379	4497	1
2381	2381	6
2382	2382	1
2382	2383	2
2392	2393	1
2395	2395	6
2395	2396	16
2395	2397	4
2396	2396	6
2396	2397	4
2398	2398	1
2403	2403	1
2403	2404	2
2406	3026	1
2408	2408	7
2408	3488	2
2409	2410	1
2409	2411	1
2410	2411	1
2413	2413	6
2415	2416	1
2418	2419	1
2420	2420	6
2423	2423	2
2423	3241	2
2425	2426	2
2425	2427	1
2426	2426	1
2426	2427	2
2429	2429	3
2433	2434	1
2434	2434	1
2436	3209	1
2437	2438	4
2438	2438	6
2441	2442	1
2441	2443	1
2441	2444	1
2441	2445	1
2441	2446	1
2442	2443	1
2442	2444	1
2442	2445	1
2442	2446	1
2443	2444	1
2443	2445	1
2443	2446	1
2444	2445	1
2444	2446	1
2445	2446	1
2448	2449	1
2448	2450	1
2449	2450	1
2457	2458	1
2457	2459	1
2457	2460	1
2457	2461	1
2457	2462	1
2457	2463	1
2457	2464	1
2457	2465	1
2457	2466	1
2458	2459	1
2458	2460	1
2458	2461	1
2458	2462	1
2458	2463	1
2458	2464	1
2458	2465	1
2458	2466	1
2459	2460	1
2459	2461	1
2459	2462	1
2459	2463	1
2459	2464	1
2459	2465	1
2459	2466	1
2460	2461	1
2460	2462	1
2460	2463	1
2460	2464	1
2460	2465	1
2460	2466	1
2461	2462	1
2461	2463	1
2461	2464	1
2461	2465	1
2461	2466	1
2462	2463	1
2462	2464	1
2462	2465	1
2462	2466	1
2463	2464	1
2463	2465	1
2463	2466	1
2464	2465	1
2464	2466	1
2465	2466	1
2470	2470	6
2471	2472	1
2473	2474	1
2473	2475	1
2474	2475	1
2476	2477	1
2476	2478	1
2476	2479	1
2476	2480	1
2476	2481	1
2477	2478	1
2477	2479	1
2477	2480	1
2477	2481	1
2478	2479	1
2478	2480	1
2478	2481	1
2479	2480	1
2479	2481	1
2480	2481	1
2481	4723	1
2481	4724	1
2481	4725	1
2481	4726	1
2481	4727	1
2481	4728	1
2481	4729	1
2481	4730	1
2486	2486	1
2489	2490	1
2489	2491	1
2490	2491	1
2491	4155	1
2491	4156	1
2492	2493	1
2492	2494	1
2492	2495	2
2493	2494	1
2493	2495	2
2494	2495	2
2495	2495	4
2502	2502	3
2503	2503	1
2503	2504	2
2506	4589	1
2508	2508	6
2509	3937	1
2514	2515	1
2519	2520	1
2522	2522	1
2523	2523	1
2526	2527	2
2527	2527	1
2528	2529	1
2528	2530	1
2529	2530	1
2531	2531	3
2538	5363	1
2538	5364	1
2541	2542	8
2542	2542	8
2545	2546	1
2550	2550	1
2553	2553	4
2553	2554	4
2553	2555	2
2553	2556	2
2553	2557	2
2553	2558	2
2553	2559	2
2554	2554	1
2554	2555	2
2554	2556	2
2554	2557	2
2554	2558	2
2554	2559	2
2555	2556	1
2555	2557	1
2555	2558	1
2555	2559	1
2556	2557	1
2556	2558	1
2556	2559	1
2557	2558	1
2557	2559	1
2558	2559	1
2561	2561	1
2563	2564	1
2568	2569	1
2570	2571	1
2572	2572	3
2572	2573	12
2573	2573	6
2575	2575	1
2576	2576	1
2578	2579	2
2582	2583	1
2582	2584	1
2582	2585	1
2582	3130	1
2582	3131	1
2583	2584	1
2583	2585	1
2584	2585	1
2587	2588	1
2587	2589	1
2587	2590	1
2587	2591	1
2587	2592	1
2587	2593	1
2587	2594	1
2587	2595	1
2587	2596	1
2587	2597	1
2588	2589	1
2588	2590	1
2588	2591	1
2588	2592	1
2588	2593	1
2588	2594	1
2588	2595	1
2588	2596	1
2588	2597	1
2589	2590	1
2589	2591	1
2589	2592	1
2589	2593	1
2589	2594	1
2589	2595	1
2589	2596	1
2589	2597	1
2590	2591	1
2590	2592	1
2590	2593	1
2590	2594	1
2590	2595	1
2590	2596	1
2590	2597	1
2591	2592	1
2591	2593	1
2591	2594	1
2591	2595	1
2591	2596	1
2591	2597	1
2591	4199	1
2591	4200	1
2591	4201	1
2591	4202	1
2591	4203	1
2591	4204	1
2592	2593	1
2592	2594	1
2592	2595	1
2592	2596	1
2592	2597	1
2593	2594	1
2593	2595	1
2593	2596	1
2593	2597	1
2594	2595	1
2594	2596	1
2594	2597	1
2595	2596	1
2595	2597	1
2596	2597	1
2603	2603	1
2604	2605	1
2606	2607	1
2612	2612	1
2612	3987	3
2618	2619	1
2621	2621	3
2622	2622	1
2625	2626	1
2625	2627	1
2625	4256	1
2625	4257	1
2626	2627	1
2634	2634	2
2634	2838	4
2634	2839	4
2634	2840	4
2634	2841	4
2638	5166	1
2638	5167	1
2638	5168	1
2638	5169	1
2641	2641	3
2641	2642	3
2644	2644	1
2645	2645	3
2646	2647	1
2649	2650	1
2653	2654	1
2656	2657	1
2657	2683	1
2657	2684	1
2657	2685	1
2660	2661	1
2660	2662	1
2661	2662	1
2664	2664	2
2667	2668	1
2674	2675	1
2678	2679	1
2680	2681	1
2682	4144	1
2683	2684	1
2683	2685	1
2684	2685	1
2694	5481	1
2701	2702	1
2701	2703	1
2701	2704	1
2702	2703	1
2702	2704	1
2703	2704	1
2706	2706	1
2711	2712	1
2713	2713	3
2713	2714	9
2713	2715	9
2713	2716	3
2714	2714	3
2714	2715	9
2714	2716	3
2715	2715	3
2715	2716	3
2719	2719	1
2719	2720	4
2719	2721	4
2719	2722	4
2719	2723	2
2719	2724	2
2720	2720	1
2720	2721	4
2720	2722	4
2720	2723	2
2720	2724	2
2721	2721	1
2721	2722	4
2721	2723	2
2721	2724	2
2722	2722	1
2722	2723	2
2722	2724	2
2723	2724	1
2725	2725	1
2726	2727	1
2733	2733	6
2740	2740	1
2740	2741	4
2741	2741	1
2743	2744	1
2745	2745	1
2754	2754	1
2757	2757	1
2759	2760	1
2762	2763	1
2765	3192	1
2766	3626	1
2767	2768	1
2767	2769	1
2767	2770	1
2767	2771	1
2767	2772	1
2767	2773	1
2767	2774	1
2767	2775	1
2767	2776	1
2767	2777	1
2767	2778	1
2768	2769	1
2768	2770	1
2768	2771	1
2768	2772	1
2768	2773	1
2768	2774	1
2768	2775	1
2768	2776	1
2768	2777	1
2768	2778	1
2769	2770	1
2769	2771	1
2769	2772	1
2769	2773	1
2769	2774	1
2769	2775	1
2769	2776	1
2769	2777	1
2769	2778	1
2770	2771	1
2770	2772	1
2770	2773	1
2770	2774	1
2770	2775	1
2770	2776	1
2770	2777	1
2770	2778	1
2771	2772	1
2771	2773	1
2771	2774	1
2771	2775	1
2771	2776	1
2771	2777	1
2771	2778	1
2772	2773	1
2772	2774	1
2772	2775	1
2772	2776	1
2772	2777	1
2772	2778	1
2773	2774	1
2773	2775	1
2773	2776	1
2773	2777	1
2773	2778	1
2774	2775	1
2774	2776	1
2774	2777	1
2774	2778	1
2775	2776	1
2775	2777	1
2775	2778	1
2776	2777	1
2776	2778	1
2777	2778	1
2781	2782	1
2781	2783	1
2781	2784	1
2781	2785	1
2781	2786	1
2782	2783	1
2782	2784	1
2782	2785	1
2782	2786	1
2783	2784	1
2783	2785	1
2783	2786	1
2784	2785	1
2784	2786	1
2785	2786	1
2792	4147	1
2796	2796	1
2797	2797	1
2800	2800	1
2801	2801	1
2802	2802	1
2803	2804	1
2803	2805	1
2803	2806	1
2803	2807	1
2803	2808	1
2803	2809	1
2803	2810	1
2804	2805	1
2804	2806	1
2804	2807	1
2804	2808	1
2804	2809	1
2804	2810	1
2805	2806	1
2805	2807	1
2805	2808	1
2805	2809	1
2805	2810	1
2806	2807	1
2806	2808	1
2806	2809	1
2806	2810	1
2807	2808	1
2807	2809	1
2807	2810	1
2808	2809	1
2808	2810	1
2809	2810	1
2811	4648	1
2812	2812	10
2817	2818	1
2817	2819	1
2818	2819	1
2821	2822	1
2823	2824	1
2823	2825	1
2823	2826	1
2824	2825	1
2824	2826	1
2825	2826	1
2827	2827	3
2827	2828	4
2836	2836	1
2838	2838	1
2838	2839	4
2838	2840	4
2838	2841	4
2839	2839	1
2839	2840	4
2839	2841	4
2840	2840	1
2840	2841	4
2841	2841	1
2848	2849	1
2856	2857	1
2862	2863	1
2867	2868	1
2869	2870	1
2869	5091	1
2869	5092	1
2869	5093	1
2869	5094	1
2869	5095	1
2869	5096	1
2869	5097	1
2870	3662	1
2870	4847	1
2870	4848	1
2870	4849	1
2870	4850	1
2870	4851	1
2874	2875	1
2874	2876	1
2874	2877	1
2874	2878	1
2874	2879	1
2875	2876	1
2875	2877	1
2875	2878	1
2875	2879	1
2876	2877	1
2876	2878	1
2876	2879	1
2876	2902	1
2876	2903	1
2876	2904	1
2876	2905	1
2876	2906	1
2876	2907	1
2876	2908	1
2876	2909	1
2877	2878	1
2877	2879	1
2878	2879	1
2880	2880	3
2883	2884	1
2883	2885	1
2883	2886	1
2884	2885	1
2884	2886	1
2885	2886	1
2891	2892	1
2894	2895	1
2896	2897	1
2898	2898	1
2901	2901	4
2902	2903	1
2902	2904	1
2902	2905	1
2902	2906	1
2902	2907	1
2902	2908	1
2902	2909	1
2903	2904	1
2903	2905	1
2903	2906	1
2903	2907	1
2903	2908	1
2903	2909	1
2904	2905	1
2904	2906	1
2904	2907	1
2904	2908	1
2904	2909	1
2905	2906	1
2905	2907	1
2905	2908	1
2905	2909	1
2906	2907	1
2906	2908	1
2906	2909	1
2907	2908	1
2907	2909	1
2908	2909	1
2910	2910	1
2915	2915	1
2917	2917	3
2918	2919	1
2921	2921	1
2921	2922	4
2921	2923	4
2922	2922	1
2922	2923	4
2923	2923	1
2932	2932	1
2935	2935	3
2939	2940	1
2944	2945	1
2944	2946	1
2944	2947	1
2944	2948	1
2944	2949	1
2945	2946	1
2945	2947	1
2945	2948	1
2945	2949	1
2946	2947	1
2946	2948	1
2946	2949	1
2947	2948	1
2947	2949	1
2948	2949	1
2951	2952	1
2954	2955	1
2954	2956	1
2954	2957	1
2954	2958	1
2954	2959	1
2955	2956	1
2955	2957	1
2955	2958	1
2955	2959	1
2956	2957	1
2956	2958	1
2956	2959	1
2957	2958	1
2957	2959	1
2958	2959	1
2959	4791	1
2959	4792	1
2959	4793	1
2959	4794	1
2959	4795	1
2959	4796	1
2959	4797	1
2959	4798	1
2961	2962	1
2961	2963	1
2961	2964	1
2961	2965	1
2962	2963	1
2962	2964	1
2962	2965	1
2963	2964	1
2963	2965	1
2964	2965	1
2964	5160	1
2969	2970	1
2969	2971	1
2970	2971	1
2973	2973	1
2973	4189	1
2974	2974	3
2974	2975	6
2974	2976	3
2974	2977	3
2974	2978	3
2974	2979	3
2974	2980	3
2974	2981	3
2974	2982	3
2974	2983	3
2974	2984	3
2975	2975	1
2975	2976	2
2975	2977	2
2975	2978	2
2975	2979	2
2975	2980	2
2975	2981	2
2975	2982	2
2975	2983	2
2975	2984	2
2976	2977	1
2976	2978	1
2976	2979	1
2976	2980	1
2976	2981	1
2976	2982	1
2976	2983	1
2976	2984	1
2977	2978	1
2977	2979	1
2977	2980	1
2977	2981	1
2977	2982	1
2977	2983	1
2977	2984	1
2978	2979	1
2978	2980	1
2978	2981	1
2978	2982	1
2978	2983	1
2978	2984	1
2979	2980	1
2979	2981	1
2979	2982	1
2979	2983	1
2979	2984	1
2980	2981	1
2980	2982	1
2980	2983	1
2980	2984	1
2981	2982	1
2981	2983	1
2981	2984	1
2982	2983	1
2982	2984	1
2983	2984	1
2987	2988	1
2989	2989	1
2990	2990	1
2990	4796	1
2990	4874	2
2990	4875	2
2990	4876	2
2990	4877	1
2990	4878	1
2990	4879	1
2990	4880	1
2990	4881	1
2990	4882	1
2990	4883	1
2990	4884	1
2990	4885	1
2990	4886	1
2990	4887	1
2990	4888	1
2990	4889	1
2990	4890	1
2990	4891	1
2990	4892	1
2990	4893	1
2990	4894	1
2990	4895	1
2990	4896	1
2990	4897	1
2990	4898	1
2990	4899	1
2990	4900	1
2990	4901	1
2990	4902	1
2990	4903	1
2990	4904	1
2990	4905	1
2990	4906	1
2993	2994	2
2993	2995	1
2993	4980	1
2994	2994	1
2994	2995	2
3001	3001	1
3004	5141	1
3004	5142	1
3004	5143	1
3008	3009	1
3012	3013	1
3012	3014	1
3012	3015	1
3013	3014	1
3013	3015	1
3014	3015	1
3019	3020	1
3019	3021	1
3019	3022	2
3020	3021	1
3020	3022	2
3021	3022	2
3022	3022	1
3022	4977	1
3024	3025	1
3027	3028	1
3029	3030	1
3031	3031	3
3034	3035	1
3038	3039	1
3038	3040	1
3039	3040	1
3044	3044	1
3045	3046	1
3047	3047	1
3048	3048	1
3048	3049	2
3050	3051	1
3050	3052	1
3051	3052	1
3055	3055	1
3055	3056	2
3055	3057	2
3055	3058	2
3055	3059	2
3055	3060	2
3055	3061	2
3056	3057	1
3056	3058	1
3056	3059	1
3056	3060	1
3056	3061	1
3057	3058	1
3057	3059	1
3057	3060	1
3057	3061	1
3058	3059	1
3058	3060	1
3058	3061	1
3059	3060	1
3059	3061	1
3060	3061	1
3065	3065	1
3067	3067	6
3070	3071	1
3070	3072	1
3070	3073	1
3070	3074	1
3071	3072	1
3071	3073	1
3071	3074	1
3072	3073	1
3072	3074	1
3073	3074	1
3075	3076	1
3075	4504	2
3075	4505	2
3075	4506	2
3075	4507	1
3075	4508	2
3075	4509	1
3075	4510	2
3075	4511	2
3075	4512	2
3075	4513	1
3075	4514	1
3075	5489	1
3075	5490	1
3075	5491	1
3081	3081	1
3088	3088	1
3088	3112	6
3088	3367	1
3092	3093	1
3092	3094	1
3092	3095	1
3092	3096	1
3092	3097	1
3093	3094	1
3093	3095	1
3093	3096	1
3093	3097	1
3094	3095	1
3094	3096	1
3094	3097	1
3095	3096	1
3095	3097	1
3096	3097	1
3101	3101	1
3101	3662	2
3101	3663	2
3101	3664	2
3101	3665	2
3102	3103	1
3102	3104	1
3103	3104	1
3107	3107	1
3107	3108	2
3107	3109	2
3108	3109	1
3112	3112	1
3112	3367	1
3115	3115	1
3116	3117	1
3116	3118	1
3116	3119	1
3116	3120	1
3116	3121	1
3116	3122	1
3117	3118	1
3117	3119	1
3117	3120	1
3117	3121	1
3117	3122	1
3118	3119	1
3118	3120	1
3118	3121	1
3118	3122	1
3119	3120	1
3119	3121	1
3119	3122	1
3120	3121	1
3120	3122	1
3121	3122	1
3124	3125	1
3126	3807	1
3130	3131	1
3134	3134	1
3134	3135	4
3134	3136	4
3134	3137	4
3134	3138	4
3134	3139	8
3135	3135	1
3135	3136	4
3135	3137	4
3135	3138	4
3135	3139	8
3136	3136	1
3136	3137	4
3136	3138	4
3136	3139	8
3137	3137	1
3137	3138	4
3137	3139	8
3138	3138	1
3138	3139	8
3139	3139	6
3140	3141	1
3148	3149	1
3156	3156	1
3167	3168	1
3169	3170	1
3174	3175	1
3174	3176	1
3174	3177	1
3175	3176	1
3175	3177	1
3176	3177	1
3182	3182	4
3183	3183	1
3186	3187	1
3191	5399	1
3195	3195	1
3196	3197	1
3197	5353	1
3197	5354	1
3197	5355	1
3200	3201	1
3200	3202	1
3200	3203	1
3200	3204	1
3200	3205	1
3201	3202	1
3201	3203	1
3201	3204	1
3201	3205	1
3202	3203	1
3202	3204	1
3202	3205	1
3203	3204	1
3203	3205	1
3204	3205	1
3207	3207	6
3207	3208	5
3210	3210	1
3211	3212	1
3211	3213	1
3211	3214	1
3211	3215	1
3211	3216	1
3211	3217	1
3212	3213	1
3212	3214	1
3212	3215	1
3212	3216	1
3212	3217	1
3213	3214	1
3213	3215	1
3213	3216	1
3213	3217	1
3214	3215	1
3214	3216	1
3214	3217	1
3215	3216	1
3215	3217	1
3216	3217	1
3217	3217	3
3218	3219	2
3218	3220	1
3218	3221	1
3218	3222	1
3218	3223	1
3219	3219	1
3219	3220	2
3219	3221	2
3219	3222	2
3219	3223	2
3220	3221	1
3220	3222	1
3220	3223	1
3221	3222	1
3221	3223	1
3222	3223	1
3236	3236	1
3236	3237	3
3236	4818	2
3237	4818	1
3238	3238	3
3243	3243	2
3244	3245	1
3249	3250	1
3258	3258	3
3258	3259	3
3261	3261	6
3261	3262	8
3261	3263	8
3261	3264	8
3262	3262	1
3262	3263	4
3262	3264	4
3263	3263	1
3263	3264	4
3264	3264	1
3265	3265	1
3265	3266	4
3266	3266	1
3268	3268	6
3269	3270	1
3273	3274	1
3273	3275	1
3273	3276	1
3273	3277	1
3274	3275	1
3274	3276	1
3274	3277	1
3275	3276	1
3275	3277	1
3276	3277	1
3278	3278	3
3280	3280	1
3289	3289	6
3291	3291	1
3292	3293	1
3292	3294	1
3292	3295	1
3292	3296	1
3292	3297	1
3292	3298	1
3293	3294	1
3293	3295	1
3293	3296	1
3293	3297	1
3293	3298	1
3294	3295	1
3294	3296	1
3294	3297	1
3294	3298	1
3295	3296	1
3295	3297	1
3295	3298	1
3296	3297	1
3296	3298	1
3297	3298	1
3300	3300	3
3302	3303	1
3311	3311	1
3312	3312	1
3313	3314	1
3313	3315	1
3314	3315	1
3318	3319	1
3318	3320	1
3318	3321	1
3319	3320	1
3319	3321	1
3320	3321	1
3323	3463	2
3324	3324	1
3324	3325	2
3326	3326	1
3333	3333	9
3333	3334	3
3335	3336	1
3335	3337	1
3335	3338	1
3335	3339	1
3336	3337	1
3336	3338	1
3336	3339	1
3337	3338	1
3337	3339	1
3338	3339	1
3340	3340	7
3342	3343	1
3344	3344	1
3348	3348	1
3351	3352	1
3353	3353	3
3353	3354	3
3355	3355	3
3357	3357	1
3357	3358	2
3359	3359	3
3359	3360	3
3361	3361	1
3364	3365	1
3367	3367	1
3369	3370	1
3369	3371	1
3370	3371	1
3373	3374	1
3373	3375	1
3373	3376	1
3373	3377	1
3374	3375	1
3374	3376	1
3374	3377	1
3375	3376	1
3375	3377	1
3376	3377	1
3378	3379	1
3378	3380	1
3378	3381	1
3378	3382	1
3378	3383	1
3379	3380	1
3379	3381	1
3379	3382	1
3379	3383	1
3380	3381	1
3380	3382	1
3380	3383	1
3381	3382	1
3381	3383	1
3382	3383	1
3385	3386	1
3385	3387	1
3386	3387	1
3388	3388	1
3391	3391	1
3396	3397	2
3396	3398	1
3396	3399	2
3397	3397	1
3397	3398	2
3397	3399	4
3398	3399	2
3399	3399	1
3405	3405	1
3405	3406	5
3408	3409	2
3409	3409	1
3415	3416	1
3418	3419	1
3422	3422	3
3425	3426	1
3432	3432	1
3434	3434	1
3434	3435	4
3434	3436	4
3434	3437	4
3434	3438	4
3434	3439	4
3434	3440	4
3434	3441	4
3434	3442	4
3435	3435	1
3435	3436	4
3435	3437	4
3435	3438	4
3435	3439	4
3435	3440	4
3435	3441	4
3435	3442	4
3436	3436	1
3436	3437	4
3436	3438	4
3436	3439	4
3436	3440	4
3436	3441	4
3436	3442	4
3437	3437	1
3437	3438	4
3437	3439	4
3437	3440	4
3437	3441	4
3437	3442	4
3438	3438	1
3438	3439	4
3438	3440	4
3438	3441	4
3438	3442	4
3439	3439	1
3439	3440	4
3439	3441	4
3439	3442	4
3440	3440	1
3440	3441	4
3440	3442	4
3441	3441	1
3441	3442	4
3442	3442	1
3443	3444	1
3445	3446	1
3445	3447	1
3446	3447	1
3449	3449	1
3451	3452	1
3455	3455	1
3459	3460	1
3461	3461	3
3467	3468	1
3467	3469	1
3467	3470	1
3467	3471	1
3467	3472	1
3467	3473	1
3467	3474	1
3467	3475	1
3468	3469	1
3468	3470	1
3468	3471	1
3468	3472	1
3468	3473	1
3468	3474	1
3468	3475	1
3469	3470	1
3469	3471	1
3469	3472	1
3469	3473	1
3469	3474	1
3469	3475	1
3470	3471	1
3470	3472	1
3470	3473	1
3470	3474	1
3470	3475	1
3471	3472	1
3471	3473	1
3471	3474	1
3471	3475	1
3472	3473	1
3472	3474	1
3472	3475	1
3473	3474	1
3473	3475	1
3474	3475	1
3477	3478	1
3479	3480	1
3479	3481	1
3480	3481	1
3484	3485	1
3484	3486	1
3485	3486	1
3490	3490	3
3492	3493	1
3495	3496	1
3497	3498	1
3500	3501	1
3500	3502	1
3501	3502	1
3505	3506	1
3505	3507	1
3505	3508	1
3506	3507	1
3506	3508	1
3507	3508	1
3510	3510	1
3513	3514	1
3520	3520	6
3522	3522	1
3527	3527	1
3527	3528	2
3529	3529	3
3531	3532	1
3531	3533	1
3531	3534	1
3531	3535	1
3531	3536	1
3532	3533	1
3532	3534	1
3532	3535	1
3532	3536	1
3533	3534	1
3533	3535	1
3533	3536	1
3534	3535	1
3534	3536	1
3535	3536	1
3541	3541	1
3544	3545	1
3544	3546	1
3544	3547	1
3544	3548	1
3545	3546	1
3545	3547	1
3545	3548	1
3546	3547	1
3546	3548	1
3547	3548	1
3550	3551	1
3550	3552	1
3551	3552	1
3554	3555	1
3556	3556	1
3559	3559	1
3561	3561	3
3563	3564	1
3568	3569	2
3575	3575	1
3577	3577	1
3577	3578	9
3578	3578	6
3579	3580	1
3582	3583	1
3582	3584	1
3582	3585	1
3583	3584	1
3583	3585	1
3584	3585	1
3586	3587	1
3586	3588	1
3586	3589	1
3586	3590	1
3586	3591	1
3586	3592	1
3586	3593	1
3586	3594	1
3586	3595	1
3586	3596	1
3586	3597	1
3587	3588	1
3587	3589	1
3587	3590	1
3587	3591	1
3587	3592	1
3587	3593	1
3587	3594	1
3587	3595	1
3587	3596	1
3587	3597	1
3588	3589	1
3588	3590	1
3588	3591	1
3588	3592	1
3588	3593	1
3588	3594	1
3588	3595	1
3588	3596	1
3588	3597	1
3589	3590	1
3589	3591	1
3589	3592	1
3589	3593	1
3589	3594	1
3589	3595	1
3589	3596	1
3589	3597	1
3590	3591	1
3590	3592	1
3590	3593	1
3590	3594	1
3590	3595	1
3590	3596	1
3590	3597	1
3591	3592	1
3591	3593	1
3591	3594	1
3591	3595	1
3591	3596	1
3591	3597	1
3592	3593	1
3592	3594	1
3592	3595	1
3592	3596	1
3592	3597	1
3593	3594	1
3593	3595	1
3593	3596	1
3593	3597	1
3594	3595	1
3594	3596	1
3594	3597	1
3595	3596	1
3595	3597	1
3596	3597	1
3601	3602	1
3605	5145	1
3605	5146	1
3607	3608	1
3609	3609	1
3612	3612	1
3612	5230	1
3618	3619	1
3618	3620	1
3618	3621	1
3619	3620	1
3619	3621	1
3620	3621	1
3621	3679	1
3621	3680	1
3621	3681	1
3621	3682	1
3628	3628	1
3630	3631	1
3634	3634	1
3635	3636	3
3640	3640	1
3642	3643	1
3645	3646	1
3645	3647	1
3645	3648	1
3645	3649	1
3645	3650	1
3646	3647	1
3646	3648	1
3646	3649	1
3646	3650	1
3647	3648	1
3647	3649	1
3647	3650	1
3648	3649	1
3648	3650	1
3649	3650	1
3651	3651	2
3653	3653	6
3655	3656	1
3657	3658	1
3662	3663	1
3662	3664	1
3662	3665	1
3662	4847	1
3662	4848	1
3662	4849	1
3662	4850	1
3662	4851	1
3663	3664	1
3663	3665	1
3664	3665	1
3674	3675	1
3674	3676	1
3675	3676	1
3677	3678	1
3679	3680	1
3679	3681	1
3679	3682	1
3680	3681	1
3680	3682	1
3681	3682	1
3686	3687	2
3686	3688	2
3686	3689	2
3686	3690	2
3686	4095	1
3687	3688	2
3687	3689	2
3687	3690	2
3687	4095	1
3688	3689	2
3688	3690	2
3688	4095	1
3689	3690	2
3689	4095	1
3690	4095	1
3695	3696	1
3698	3699	1
3702	3703	1
3706	3707	1
3708	3709	1
3708	3710	1
3709	3710	1
3711	3711	6
3712	3712	7
3714	3715	1
3723	3723	3
3723	5039	1
3729	3730	1
3729	3731	1
3730	3731	1
3738	3739	1
3740	3741	1
3740	3742	1
3740	3743	1
3740	3744	1
3740	3745	1
3740	3746	1
3740	3747	1
3740	3748	1
3741	3742	1
3741	3743	1
3741	3744	1
3741	3745	1
3741	3746	1
3741	3747	1
3741	3748	1
3742	3743	1
3742	3744	1
3742	3745	1
3742	3746	1
3742	3747	1
3742	3748	1
3743	3744	1
3743	3745	1
3743	3746	1
3743	3747	1
3743	3748	1
3744	3745	1
3744	3746	1
3744	3747	1
3744	3748	1
3745	3746	1
3745	3747	1
3745	3748	1
3746	3747	1
3746	3748	1
3747	3748	1
3750	3750	4
3754	3754	3
3765	3766	1
3765	3767	1
3766	3767	1
3768	3768	1
3771	3771	3
3777	3778	1
3783	3784	1
3783	3785	1
3783	3786	1
3783	3787	1
3784	3785	1
3784	3786	1
3784	3787	1
3785	3786	1
3785	3787	1
3786	3787	1
3788	3788	1
3789	3790	1
3789	3791	1
3789	3792	1
3790	3791	1
3790	3792	1
3791	3792	1
3793	3794	1
3793	3795	1
3793	3796	1
3793	3797	1
3793	3798	1
3793	3799	1
3793	3800	1
3793	3801	1
3794	3795	1
3794	3796	1
3794	3797	1
3794	3798	1
3794	3799	1
3794	3800	1
3794	3801	1
3795	3796	1
3795	3797	1
3795	3798	1
3795	3799	1
3795	3800	1
3795	3801	1
3796	3797	1
3796	3798	1
3796	3799	1
3796	3800	1
3796	3801	1
3797	3798	1
3797	3799	1
3797	3800	1
3797	3801	1
3798	3799	1
3798	3800	1
3798	3801	1
3799	3800	1
3799	3801	1
3800	3801	1
3804	3805	1
3809	3809	1
3813	3814	1
3814	4643	1
3816	3816	1
3818	5358	1
3819	3820	1
3821	3822	1
3821	3823	1
3821	3824	1
3821	3825	1
3821	3826	1
3822	3823	1
3822	3824	1
3822	3825	1
3822	3826	1
3823	3824	1
3823	3825	1
3823	3826	1
3824	3825	1
3824	3826	1
3825	3826	1
3828	3829	1
3833	3834	1
3833	3835	1
3833	3836	1
3833	3837	1
3833	3838	1
3833	3839	1
3833	3840	1
3833	3841	1
3833	3842	1
3834	3835	1
3834	3836	1
3834	3837	1
3834	3838	1
3834	3839	1
3834	3840	1
3834	3841	1
3834	3842	1
3835	3836	1
3835	3837	1
3835	3838	1
3835	3839	1
3835	3840	1
3835	3841	1
3835	3842	1
3836	3837	1
3836	3838	1
3836	3839	1
3836	3840	1
3836	3841	1
3836	3842	1
3837	3838	1
3837	3839	1
3837	3840	1
3837	3841	1
3837	3842	1
3838	3839	1
3838	3840	1
3838	3841	1
3838	3842	1
3838	4395	1
3838	5565	1
3838	5566	1
3838	5567	1
3838	5568	1
3838	5569	1
3838	5570	1
3838	5571	1
3838	5572	1
3838	5573	1
3838	5574	1
3838	5575	1
3838	5576	1
3838	5577	1
3838	5578	1
3838	5579	1
3839	3840	1
3839	3841	1
3839	3842	1
3840	3841	1
3840	3842	1
3841	3842	1
3842	4391	1
3842	4392	1
3842	4393	1
3842	4394	1
3842	4395	1
3842	4396	1
3842	4397	1
3842	4398	1
3842	4399	1
3842	4400	1
3842	4401	1
3842	4402	1
3843	3843	1
3849	4915	1
3849	4916	1
3852	3853	1
3856	3856	1
3856	3857	2
3859	3859	1
3859	4280	1
3863	3864	3
3863	3865	4
3863	3866	1
3863	3867	1
3864	3864	3
3864	3865	12
3864	3866	3
3864	3867	3
3865	3865	18
3865	3866	4
3865	3867	4
3866	3867	1
3870	3870	1
3870	3871	2
3870	3872	2
3871	3872	1
3873	3873	1
3877	3878	1
3879	3880	1
3879	3881	1
3879	3882	1
3879	3883	1
3879	3884	1
3879	3885	1
3879	3886	1
3879	3887	1
3879	3888	1
3880	3881	1
3880	3882	1
3880	3883	1
3880	3884	1
3880	3885	1
3880	3886	1
3880	3887	1
3880	3888	1
3881	3882	1
3881	3883	1
3881	3884	1
3881	3885	1
3881	3886	1
3881	3887	1
3881	3888	1
3882	3883	1
3882	3884	1
3882	3885	1
3882	3886	1
3882	3887	1
3882	3888	1
3883	3884	1
3883	3885	1
3883	3886	1
3883	3887	1
3883	3888	1
3884	3885	1
3884	3886	1
3884	3887	1
3884	3888	1
3885	3886	1
3885	3887	1
3885	3888	1
3886	3887	1
3886	3888	1
3887	3888	1
3889	3890	3
3890	3890	1
3891	3891	1
3891	3892	3
3907	3907	3
3917	3918	3
3927	3928	1
3932	3932	3
3932	3933	9
3933	3933	3
3938	3938	3
3939	3939	1
3939	3940	2
3939	3941	2
3939	3942	2
3939	3943	2
3939	3944	2
3940	3941	1
3940	3942	1
3940	3943	1
3940	3944	1
3941	3942	1
3941	3943	1
3941	3944	1
3942	3943	1
3942	3944	1
3943	3944	1
3947	4743	1
3949	3950	2
3949	3951	1
3950	3950	1
3950	3951	2
3959	3960	1
3965	3965	1
3967	3968	1
3970	3971	1
3977	3978	2
3980	3981	1
3980	3982	1
3981	3982	1
3983	3984	1
3985	3986	1
3988	3989	2
3990	3991	2
3990	3992	1
3991	3991	1
3991	3992	2
3996	4446	2
3996	4987	1
3997	3997	6
3997	3998	6
3998	3998	1
3999	4000	1
3999	4001	1
3999	4002	1
3999	4003	1
3999	4004	1
3999	4005	1
3999	4006	1
3999	4007	1
3999	4008	1
4000	4001	1
4000	4002	1
4000	4003	1
4000	4004	1
4000	4005	1
4000	4006	1
4000	4007	1
4000	4008	1
4001	4002	1
4001	4003	1
4001	4004	1
4001	4005	1
4001	4006	1
4001	4007	1
4001	4008	1
4002	4003	1
4002	4004	1
4002	4005	1
4002	4006	1
4002	4007	1
4002	4008	1
4003	4004	1
4003	4005	1
4003	4006	1
4003	4007	1
4003	4008	1
4004	4005	1
4004	4006	1
4004	4007	1
4004	4008	1
4005	4006	1
4005	4007	1
4005	4008	1
4006	4007	1
4006	4008	1
4007	4008	1
4015	4015	1
4016	4017	1
4022	4022	3
4024	4025	1
4031	4031	1
4034	4034	1
4042	4043	1
4042	4056	1
4044	4044	1
4050	4917	1
4050	4918	1
4050	4919	1
4050	4920	1
4050	4921	1
4053	4053	1
4065	4065	1
4066	4067	1
4069	4070	2
4078	4079	1
4078	4080	1
4078	4081	1
4079	4080	1
4079	4081	1
4080	4081	1
4085	4085	1
4090	4091	1
4092	4092	1
4092	4099	1
4092	4100	1
4092	4671	1
4097	4097	1
4099	4100	2
4102	4103	1
4106	4107	1
4115	4116	1
4122	4123	1
4127	5541	1
4127	5542	1
4127	5543	1
4127	5544	1
4127	5545	1
4127	5546	1
4127	5547	1
4127	5548	1
4127	5549	1
4127	5550	1
4127	5551	1
4127	5552	2
4131	4132	1
4133	4133	1
4138	4138	6
4139	4140	1
4140	4307	1
4141	4142	1
4143	4143	1
4149	4149	1
4155	4156	1
4157	4158	1
4157	4159	1
4158	4159	1
4161	4161	1
4165	4165	3
4170	4170	1
4171	4171	12
4171	4172	12
4174	4174	1
4178	4179	1
4178	4180	1
4178	4181	1
4179	4180	1
4179	4181	1
4180	4181	1
4182	4183	1
4185	4185	1
4185	4186	2
4185	4187	2
4185	4188	4
4186	4187	1
4186	4188	2
4187	4188	2
4188	4188	1
4195	4195	1
4195	4196	2
4199	4200	1
4199	4201	1
4199	4202	1
4199	4203	1
4199	4204	1
4200	4201	1
4200	4202	1
4200	4203	1
4200	4204	1
4201	4202	1
4201	4203	1
4201	4204	1
4202	4203	1
4202	4204	1
4203	4204	1
4206	4206	16
4208	4209	2
4210	4210	6
4210	4211	16
4210	4212	4
4210	4213	4
4211	4211	6
4211	4212	4
4211	4213	4
4212	4213	1
4221	4222	1
4226	4226	6
4226	5126	4
4227	4227	1
4228	4228	1
4229	4230	1
4233	4234	1
4233	4235	1
4234	4235	1
4237	4237	1
4241	4242	1
4245	4245	12
4248	4249	1
4255	4255	4
4256	4257	1
4260	4260	1
4263	4264	2
4264	4264	1
4265	4265	1
4268	4269	1
4268	4270	1
4268	4271	1
4269	4270	1
4269	4271	1
4270	4271	1
4272	4272	3
4272	4273	12
4272	4274	12
4273	4273	6
4273	4274	16
4274	4274	6
4275	4275	1
4277	4277	3
4285	4285	1
4288	4289	1
4288	4290	1
4289	4290	1
4291	4292	1
4296	4297	1
4304	4304	6
4316	4584	1
4316	4585	1
4316	4586	1
4316	4587	1
4319	4319	2
4320	4321	2
4321	4321	1
4324	5398	1
4325	4326	1
4325	4327	1
4326	4327	1
4330	4331	1
4341	4341	1
4343	4344	1
4345	4345	1
4345	4346	4
4345	4347	4
4345	4348	4
4345	4349	4
4345	4350	4
4345	4351	4
4346	4346	1
4346	4347	4
4346	4348	4
4346	4349	4
4346	4350	4
4346	4351	4
4347	4347	1
4347	4348	4
4347	4349	4
4347	4350	4
4347	4351	4
4348	4348	1
4348	4349	4
4348	4350	4
4348	4351	4
4349	4349	1
4349	4350	4
4349	4351	4
4350	4350	1
4350	4351	4
4351	4351	1
4354	4354	3
4354	4418	3
4354	5447	3
4354	5448	3
4355	4356	1
4358	4359	1
4358	4360	1
4358	4361	1
4358	4362	1
4358	4363	1
4358	4364	1
4358	4365	1
4358	4366	1
4358	4367	1
4359	4360	1
4359	4361	1
4359	4362	1
4359	4363	1
4359	4364	1
4359	4365	1
4359	4366	1
4359	4367	1
4360	4361	1
4360	4362	1
4360	4363	1
4360	4364	1
4360	4365	1
4360	4366	1
4360	4367	1
4361	4362	1
4361	4363	1
4361	4364	1
4361	4365	1
4361	4366	1
4361	4367	1
4362	4363	1
4362	4364	1
4362	4365	1
4362	4366	1
4362	4367	1
4363	4364	1
4363	4365	1
4363	4366	1
4363	4367	1
4364	4365	1
4364	4366	1
4364	4367	1
4365	4366	1
4365	4367	1
4366	4367	1
4371	4371	1
4372	4373	1
4385	4500	1
4386	4386	1
4389	4389	1
4391	4392	1
4391	4393	1
4391	4394	1
4391	4395	1
4391	4396	1
4391	4397	1
4391	4398	1
4391	4399	1
4391	4400	1
4391	4401	1
4391	4402	1
4392	4393	1
4392	4394	1
4392	4395	1
4392	4396	1
4392	4397	1
4392	4398	1
4392	4399	1
4392	4400	1
4392	4401	1
4392	4402	1
4393	4394	1
4393	4395	1
4393	4396	1
4393	4397	1
4393	4398	1
4393	4399	1
4393	4400	1
4393	4401	1
4393	4402	1
4394	4395	1
4394	4396	1
4394	4397	1
4394	4398	1
4394	4399	1
4394	4400	1
4394	4401	1
4394	4402	1
4395	4396	1
4395	4397	1
4395	4398	1
4395	4399	1
4395	4400	1
4395	4401	1
4395	4402	1
4395	5565	1
4395	5566	1
4395	5567	1
4395	5568	1
4395	5569	1
4395	5570	1
4395	5571	1
4395	5572	1
4395	5573	1
4395	5574	1
4395	5575	1
4395	5576	1
4395	5577	1
4395	5578	1
4395	5579	1
4396	4397	1
4396	4398	1
4396	4399	1
4396	4400	1
4396	4401	1
4396	4402	1
4397	4398	1
4397	4399	1
4397	4400	1
4397	4401	1
4397	4402	1
4398	4399	1
4398	4400	1
4398	4401	1
4398	4402	1
4399	4400	1
4399	4401	1
4399	4402	1
4400	4401	1
4400	4402	1
4401	4402	1
4405	4405	6
4408	4409	1
4411	4412	1
4413	4414	1
4413	4415	1
4413	4416	1
4414	4415	1
4414	4416	1
4415	4416	1
4417	4418	1
4417	4419	2
4418	4419	1
4418	5447	1
4418	5448	1
4420	4421	1
4422	4422	1
4426	4427	1
4426	4428	1
4427	4428	1
4429	4430	1
4431	4432	1
4433	4433	1
4435	4436	1
4435	4437	1
4436	4437	1
4440	4440	1
4441	4441	1
4446	4446	1
4446	4447	1
4448	4449	1
4448	4658	1
4453	4454	1
4453	4455	1
4453	4456	1
4453	4457	1
4453	4458	1
4453	4459	1
4454	4455	1
4454	4456	1
4454	4457	1
4454	4458	1
4454	4459	1
4455	4456	1
4455	4457	1
4455	4458	1
4455	4459	1
4456	4457	1
4456	4458	1
4456	4459	1
4457	4458	1
4457	4459	1
4458	4459	1
4464	4465	1
4464	4466	1
4464	4467	2
4465	4466	1
4465	4467	2
4466	4467	2
4467	4467	1
4468	4469	1
4468	4470	1
4469	4470	1
4469	5560	1
4474	4474	2
4476	4477	1
4480	4481	1
4480	4482	1
4480	4483	1
4481	4482	1
4481	4483	1
4482	4483	1
4486	4487	1
4491	4492	1
4491	4493	1
4492	4493	1
4494	4494	6
4494	4495	4
4496	4496	1
4501	4501	1
4502	4502	1
4502	4503	4
4503	4503	1
4504	4504	1
4504	4505	4
4504	4506	4
4504	4507	2
4504	4508	4
4504	4509	2
4504	4510	4
4504	4511	4
4504	4512	4
4504	4513	2
4504	4514	2
4505	4505	1
4505	4506	4
4505	4507	2
4505	4508	4
4505	4509	2
4505	4510	4
4505	4511	4
4505	4512	4
4505	4513	2
4505	4514	2
4506	4506	1
4506	4507	2
4506	4508	4
4506	4509	2
4506	4510	4
4506	4511	4
4506	4512	4
4506	4513	2
4506	4514	2
4507	4508	2
4507	4509	1
4507	4510	2
4507	4511	2
4507	4512	2
4507	4513	1
4507	4514	1
4508	4508	1
4508	4509	2
4508	4510	4
4508	4511	4
4508	4512	4
4508	4513	2
4508	4514	2
4509	4510	2
4509	4511	2
4509	4512	2
4509	4513	1
4509	4514	1
4510	4510	1
4510	4511	4
4510	4512	4
4510	4513	2
4510	4514	2
4511	4511	1
4511	4512	4
4511	4513	2
4511	4514	2
4512	4512	1
4512	4513	2
4512	4514	2
4513	4514	1
4515	4516	1
4515	4517	1
4515	4518	1
4515	4519	1
4515	4520	1
4516	4517	1
4516	4518	1
4516	4519	1
4516	4520	1
4517	4518	1
4517	4519	1
4517	4520	1
4518	4519	1
4518	4520	1
4519	4520	1
4521	4521	2
4529	4530	1
4531	4532	1
4535	4536	1
4541	4592	1
4543	4544	1
4545	4545	1
4547	4548	1
4557	4557	1
4558	4558	1
4558	4559	6
4558	4560	2
4559	4559	3
4559	4560	3
4561	4562	1
4566	4567	1
4566	4764	1
4566	4765	1
4566	4955	1
4566	4956	1
4569	4569	1
4570	4571	1
4581	4582	1
4584	4585	1
4584	4586	1
4584	4587	1
4585	4586	1
4585	4587	1
4586	4587	1
4588	4588	3
4590	4591	1
4593	4593	1
4599	4600	1
4605	5139	1
4606	4607	1
4628	4628	1
4628	4629	2
4630	4630	1
4633	4633	1
4633	4634	4
4633	4635	4
4633	4636	4
4633	4637	4
4633	4638	4
4633	4639	4
4634	4634	1
4634	4635	4
4634	4636	4
4634	4637	4
4634	4638	4
4634	4639	4
4635	4635	1
4635	4636	4
4635	4637	4
4635	4638	4
4635	4639	4
4636	4636	1
4636	4637	4
4636	4638	4
4636	4639	4
4637	4637	1
4637	4638	4
4637	4639	4
4638	4638	1
4638	4639	4
4639	4639	1
4640	4641	1
4640	4642	1
4641	4642	1
4649	4650	2
4649	4651	1
4650	4650	1
4650	4651	2
4656	4656	3
4660	4660	6
4662	4662	3
4669	4670	1
4669	4671	1
4669	4672	1
4670	4671	1
4670	4672	1
4671	4672	1
4673	4673	1
4673	4674	4
4673	4675	4
4673	4676	4
4674	4674	1
4674	4675	4
4674	4676	4
4675	4675	1
4675	4676	4
4676	4676	1
4681	4682	1
4681	4683	1
4681	4684	1
4681	4685	1
4681	4686	1
4681	4687	1
4681	4688	1
4682	4683	1
4682	4684	1
4682	4685	1
4682	4686	1
4682	4687	1
4682	4688	1
4683	4684	1
4683	4685	1
4683	4686	1
4683	4687	1
4683	4688	1
4684	4685	1
4684	4686	1
4684	4687	1
4684	4688	1
4685	4686	1
4685	4687	1
4685	4688	1
4686	4687	1
4686	4688	1
4687	4688	1
4690	4864	1
4690	4865	1
4690	4866	1
4690	4867	1
4690	4868	1
4690	4869	1
4690	4870	1
4691	4691	1
4692	4692	1
4692	4693	2
4692	5425	1
4694	4694	1
4699	4700	1
4701	4701	1
4701	4702	2
4701	4703	2
4702	4702	3
4702	4703	1
4706	4706	1
4720	4721	1
4723	4724	1
4723	4725	1
4723	4726	1
4723	4727	1
4723	4728	1
4723	4729	1
4723	4730	1
4724	4725	1
4724	4726	1
4724	4727	1
4724	4728	1
4724	4729	1
4724	4730	1
4725	4726	1
4725	4727	1
4725	4728	1
4725	4729	1
4725	4730	1
4726	4727	1
4726	4728	1
4726	4729	1
4726	4730	1
4727	4728	1
4727	4729	1
4727	4730	1
4728	4729	1
4728	4730	1
4729	4730	1
4734	4734	1
4734	4735	7
4734	4823	1
4735	4735	3
4735	4823	1
4736	4737	3
4737	4737	3
4738	5078	1
4738	5079	1
4739	4740	1
4749	4750	1
4752	4752	1
4753	4754	1
4755	4756	1
4757	4757	1
4764	4765	1
4767	4768	1
4767	4769	1
4767	4770	1
4768	4769	1
4768	4770	1
4769	4770	1
4772	4773	1
4776	4776	1
4776	4777	2
4776	4778	2
4776	4779	2
4777	4778	1
4777	4779	1
4778	4779	1
4783	4783	1
4786	4787	1
4788	4788	1
4791	4792	1
4791	4793	1
4791	4794	1
4791	4795	1
4791	4796	1
4791	4797	1
4791	4798	1
4792	4793	1
4792	4794	1
4792	4795	1
4792	4796	1
4792	4797	1
4792	4798	1
4793	4794	1
4793	4795	1
4793	4796	1
4793	4797	1
4793	4798	1
4794	4795	1
4794	4796	1
4794	4797	1
4794	4798	1
4795	4796	1
4795	4797	1
4795	4798	1
4796	4797	1
4796	4798	1
4796	4874	2
4796	4875	2
4796	4876	2
4796	4877	1
4796	4878	1
4796	4879	1
4796	4880	1
4796	4881	1
4796	4882	1
4796	4883	1
4796	4884	1
4796	4885	1
4796	4886	1
4796	4887	1
4796	4888	1
4796	4889	1
4796	4890	1
4796	4891	1
4796	4892	1
4796	4893	1
4796	4894	1
4796	4895	1
4796	4896	1
4796	4897	1
4796	4898	1
4796	4899	1
4796	4900	1
4796	4901	1
4796	4902	1
4796	4903	1
4796	4904	1
4796	4905	1
4796	4906	1
4797	4798	1
4801	4802	1
4804	4804	1
4815	4816	1
4821	4821	3
4825	4825	3
4828	4828	6
4837	4838	1
4837	4839	1
4837	4840	1
4837	4841	1
4837	4842	1
4837	4843	1
4838	4839	1
4838	4840	1
4838	4841	1
4838	4842	1
4838	4843	1
4839	4840	1
4839	4841	1
4839	4842	1
4839	4843	1
4840	4841	1
4840	4842	1
4840	4843	1
4841	4842	1
4841	4843	1
4842	4843	1
4847	4848	1
4847	4849	1
4847	4850	1
4847	4851	1
4848	4849	1
4848	4850	1
4848	4851	1
4849	4850	1
4849	4851	1
4850	4851	1
4852	4853	1
4852	4854	1
4852	4855	1
4852	4856	1
4852	4857	1
4852	4858	1
4852	4859	1
4852	4860	1
4852	4861	1
4853	4854	1
4853	4855	1
4853	4856	1
4853	4857	1
4853	4858	1
4853	4859	1
4853	4860	1
4853	4861	1
4854	4855	1
4854	4856	1
4854	4857	1
4854	4858	1
4854	4859	1
4854	4860	1
4854	4861	1
4855	4856	1
4855	4857	1
4855	4858	1
4855	4859	1
4855	4860	1
4855	4861	1
4856	4857	1
4856	4858	1
4856	4859	1
4856	4860	1
4856	4861	1
4857	4858	1
4857	4859	1
4857	4860	1
4857	4861	1
4858	4859	1
4858	4860	1
4858	4861	1
4859	4860	1
4859	4861	1
4860	4861	1
4864	4865	1
4864	4866	1
4864	4867	1
4864	4868	1
4864	4869	1
4864	4870	1
4865	4866	1
4865	4867	1
4865	4868	1
4865	4869	1
4865	4870	1
4866	4867	1
4866	4868	1
4866	4869	1
4866	4870	1
4867	4868	1
4867	4869	1
4867	4870	1
4868	4869	1
4868	4870	1
4869	4870	1
4873	4873	1
4874	4874	1
4874	4875	4
4874	4876	4
4874	4877	2
4874	4878	2
4874	4879	2
4874	4880	2
4874	4881	2
4874	4882	2
4874	4883	2
4874	4884	2
4874	4885	2
4874	4886	2
4874	4887	2
4874	4888	2
4874	4889	2
4874	4890	2
4874	4891	2
4874	4892	2
4874	4893	2
4874	4894	2
4874	4895	2
4874	4896	2
4874	4897	2
4874	4898	2
4874	4899	2
4874	4900	2
4874	4901	2
4874	4902	2
4874	4903	2
4874	4904	2
4874	4905	2
4874	4906	2
4875	4875	1
4875	4876	4
4875	4877	2
4875	4878	2
4875	4879	2
4875	4880	2
4875	4881	2
4875	4882	2
4875	4883	2
4875	4884	2
4875	4885	2
4875	4886	2
4875	4887	2
4875	4888	2
4875	4889	2
4875	4890	2
4875	4891	2
4875	4892	2
4875	4893	2
4875	4894	2
4875	4895	2
4875	4896	2
4875	4897	2
4875	4898	2
4875	4899	2
4875	4900	2
4875	4901	2
4875	4902	2
4875	4903	2
4875	4904	2
4875	4905	2
4875	4906	2
4876	4876	1
4876	4877	2
4876	4878	2
4876	4879	2
4876	4880	2
4876	4881	2
4876	4882	2
4876	4883	2
4876	4884	2
4876	4885	2
4876	4886	2
4876	4887	2
4876	4888	2
4876	4889	2
4876	4890	2
4876	4891	2
4876	4892	2
4876	4893	2
4876	4894	2
4876	4895	2
4876	4896	2
4876	4897	2
4876	4898	2
4876	4899	2
4876	4900	2
4876	4901	2
4876	4902	2
4876	4903	2
4876	4904	2
4876	4905	2
4876	4906	2
4877	4878	1
4877	4879	1
4877	4880	1
4877	4881	1
4877	4882	1
4877	4883	1
4877	4884	1
4877	4885	1
4877	4886	1
4877	4887	1
4877	4888	1
4877	4889	1
4877	4890	1
4877	4891	1
4877	4892	1
4877	4893	1
4877	4894	1
4877	4895	1
4877	4896	1
4877	4897	1
4877	4898	1
4877	4899	1
4877	4900	1
4877	4901	1
4877	4902	1
4877	4903	1
4877	4904	1
4877	4905	1
4877	4906	1
4878	4879	1
4878	4880	1
4878	4881	1
4878	4882	1
4878	4883	1
4878	4884	1
4878	4885	1
4878	4886	1
4878	4887	1
4878	4888	1
4878	4889	1
4878	4890	1
4878	4891	1
4878	4892	1
4878	4893	1
4878	4894	1
4878	4895	1
4878	4896	1
4878	4897	1
4878	4898	1
4878	4899	1
4878	4900	1
4878	4901	1
4878	4902	1
4878	4903	1
4878	4904	1
4878	4905	1
4878	4906	1
4879	4880	1
4879	4881	1
4879	4882	1
4879	4883	1
4879	4884	1
4879	4885	1
4879	4886	1
4879	4887	1
4879	4888	1
4879	4889	1
4879	4890	1
4879	4891	1
4879	4892	1
4879	4893	1
4879	4894	1
4879	4895	1
4879	4896	1
4879	4897	1
4879	4898	1
4879	4899	1
4879	4900	1
4879	4901	1
4879	4902	1
4879	4903	1
4879	4904	1
4879	4905	1
4879	4906	1
4880	4881	1
4880	4882	1
4880	4883	1
4880	4884	1
4880	4885	1
4880	4886	1
4880	4887	1
4880	4888	1
4880	4889	1
4880	4890	1
4880	4891	1
4880	4892	1
4880	4893	1
4880	4894	1
4880	4895	1
4880	4896	1
4880	4897	1
4880	4898	1
4880	4899	1
4880	4900	1
4880	4901	1
4880	4902	1
4880	4903	1
4880	4904	1
4880	4905	1
4880	4906	1
4881	4882	1
4881	4883	1
4881	4884	1
4881	4885	1
4881	4886	1
4881	4887	1
4881	4888	1
4881	4889	1
4881	4890	1
4881	4891	1
4881	4892	1
4881	4893	1
4881	4894	1
4881	4895	1
4881	4896	1
4881	4897	1
4881	4898	1
4881	4899	1
4881	4900	1
4881	4901	1
4881	4902	1
4881	4903	1
4881	4904	1
4881	4905	1
4881	4906	1
4882	4883	1
4882	4884	1
4882	4885	1
4882	4886	1
4882	4887	1
4882	4888	1
4882	4889	1
4882	4890	1
4882	4891	1
4882	4892	1
4882	4893	1
4882	4894	1
4882	4895	1
4882	4896	1
4882	4897	1
4882	4898	1
4882	4899	1
4882	4900	1
4882	4901	1
4882	4902	1
4882	4903	1
4882	4904	1
4882	4905	1
4882	4906	1
4883	4884	1
4883	4885	1
4883	4886	1
4883	4887	1
4883	4888	1
4883	4889	1
4883	4890	1
4883	4891	1
4883	4892	1
4883	4893	1
4883	4894	1
4883	4895	1
4883	4896	1
4883	4897	1
4883	4898	1
4883	4899	1
4883	4900	1
4883	4901	1
4883	4902	1
4883	4903	1
4883	4904	1
4883	4905	1
4883	4906	1
4884	4885	1
4884	4886	1
4884	4887	1
4884	4888	1
4884	4889	1
4884	4890	1
4884	4891	1
4884	4892	1
4884	4893	1
4884	4894	1
4884	4895	1
4884	4896	1
4884	4897	1
4884	4898	1
4884	4899	1
4884	4900	1
4884	4901	1
4884	4902	1
4884	4903	1
4884	4904	1
4884	4905	1
4884	4906	1
4885	4886	1
4885	4887	1
4885	4888	1
4885	4889	1
4885	4890	1
4885	4891	1
4885	4892	1
4885	4893	1
4885	4894	1
4885	4895	1
4885	4896	1
4885	4897	1
4885	4898	1
4885	4899	1
4885	4900	1
4885	4901	1
4885	4902	1
4885	4903	1
4885	4904	1
4885	4905	1
4885	4906	1
4886	4887	1
4886	4888	1
4886	4889	1
4886	4890	1
4886	4891	1
4886	4892	1
4886	4893	1
4886	4894	1
4886	4895	1
4886	4896	1
4886	4897	1
4886	4898	1
4886	4899	1
4886	4900	1
4886	4901	1
4886	4902	1
4886	4903	1
4886	4904	1
4886	4905	1
4886	4906	1
4887	4888	1
4887	4889	1
4887	4890	1
4887	4891	1
4887	4892	1
4887	4893	1
4887	4894	1
4887	4895	1
4887	4896	1
4887	4897	1
4887	4898	1
4887	4899	1
4887	4900	1
4887	4901	1
4887	4902	1
4887	4903	1
4887	4904	1
4887	4905	1
4887	4906	1
4888	4889	1
4888	4890	1
4888	4891	1
4888	4892	1
4888	4893	1
4888	4894	1
4888	4895	1
4888	4896	1
4888	4897	1
4888	4898	1
4888	4899	1
4888	4900	1
4888	4901	1
4888	4902	1
4888	4903	1
4888	4904	1
4888	4905	1
4888	4906	1
4889	4890	1
4889	4891	1
4889	4892	1
4889	4893	1
4889	4894	1
4889	4895	1
4889	4896	1
4889	4897	1
4889	4898	1
4889	4899	1
4889	4900	1
4889	4901	1
4889	4902	1
4889	4903	1
4889	4904	1
4889	4905	1
4889	4906	1
4890	4891	1
4890	4892	1
4890	4893	1
4890	4894	1
4890	4895	1
4890	4896	1
4890	4897	1
4890	4898	1
4890	4899	1
4890	4900	1
4890	4901	1
4890	4902	1
4890	4903	1
4890	4904	1
4890	4905	1
4890	4906	1
4891	4892	1
4891	4893	1
4891	4894	1
4891	4895	1
4891	4896	1
4891	4897	1
4891	4898	1
4891	4899	1
4891	4900	1
4891	4901	1
4891	4902	1
4891	4903	1
4891	4904	1
4891	4905	1
4891	4906	1
4892	4893	1
4892	4894	1
4892	4895	1
4892	4896	1
4892	4897	1
4892	4898	1
4892	4899	1
4892	4900	1
4892	4901	1
4892	4902	1
4892	4903	1
4892	4904	1
4892	4905	1
4892	4906	1
4893	4894	1
4893	4895	1
4893	4896	1
4893	4897	1
4893	4898	1
4893	4899	1
4893	4900	1
4893	4901	1
4893	4902	1
4893	4903	1
4893	4904	1
4893	4905	1
4893	4906	1
4894	4895	1
4894	4896	1
4894	4897	1
4894	4898	1
4894	4899	1
4894	4900	1
4894	4901	1
4894	4902	1
4894	4903	1
4894	4904	1
4894	4905	1
4894	4906	1
4895	4896	1
4895	4897	1
4895	4898	1
4895	4899	1
4895	4900	1
4895	4901	1
4895	4902	1
4895	4903	1
4895	4904	1
4895	4905	1
4895	4906	1
4896	4897	1
4896	4898	1
4896	4899	1
4896	4900	1
4896	4901	1
4896	4902	1
4896	4903	1
4896	4904	1
4896	4905	1
4896	4906	1
4897	4898	1
4897	4899	1
4897	4900	1
4897	4901	1
4897	4902	1
4897	4903	1
4897	4904	1
4897	4905	1
4897	4906	1
4898	4899	1
4898	4900	1
4898	4901	1
4898	4902	1
4898	4903	1
4898	4904	1
4898	4905	1
4898	4906	1
4899	4900	1
4899	4901	1
4899	4902	1
4899	4903	1
4899	4904	1
4899	4905	1
4899	4906	1
4900	4901	1
4900	4902	1
4900	4903	1
4900	4904	1
4900	4905	1
4900	4906	1
4901	4902	1
4901	4903	1
4901	4904	1
4901	4905	1
4901	4906	1
4902	4903	1
4902	4904	1
4902	4905	1
4902	4906	1
4903	4904	1
4903	4905	1
4903	4906	1
4904	4905	1
4904	4906	1
4905	4906	1
4909	4909	1
4915	4916	1
4917	4918	1
4917	4919	1
4917	4920	1
4917	4921	1
4918	4919	1
4918	4920	1
4918	4921	1
4919	4920	1
4919	4921	1
4920	4921	1
4923	4923	6
4926	4927	1
4930	4931	1
4930	4932	1
4930	4933	1
4931	4932	1
4931	4933	1
4931	4995	1
4931	4996	1
4931	5400	1
4932	4933	1
4934	4934	1
4936	4936	1
4937	4938	1
4950	4950	1
4950	4951	2
4955	4956	1
4957	4957	2
4957	4958	4
4957	5007	5
4958	5007	2
4959	4959	1
4967	4968	1
4969	4969	3
4984	4984	6
4990	4991	1
4990	4992	1
4990	4993	1
4990	4994	1
4991	4992	1
4991	4993	1
4991	4994	1
4992	4993	1
4992	4994	1
4993	4994	1
4995	4996	1
4997	4998	1
4997	4999	1
4997	5000	1
4997	5001	1
4997	5002	1
4998	4999	1
4998	5000	1
4998	5001	1
4998	5002	1
4999	5000	1
4999	5001	1
4999	5002	1
5000	5001	1
5000	5002	1
5001	5002	1
5004	5004	1
5005	5006	1
5008	5009	1
5010	5010	1
5010	5011	2
5012	5013	1
5017	5018	1
5017	5019	1
5018	5019	1
5021	5021	1
5026	5027	1
5030	5031	1
5030	5032	1
5030	5033	1
5031	5032	1
5031	5033	1
5032	5033	1
5036	5037	1
5040	5040	3
5040	5041	3
5040	5042	3
5041	5042	1
5044	5044	1
5044	5045	2
5044	5046	2
5045	5046	1
5048	5048	1
5050	5051	1
5050	5052	1
5051	5052	1
5056	5057	1
5058	5058	1
5061	5062	1
5061	5063	1
5062	5063	1
5068	5069	1
5068	5070	1
5069	5070	1
5071	5072	1
5073	5109	1
5078	5079	1
5080	5080	3
5080	5081	3
5080	5082	3
5080	5083	3
5080	5084	3
5081	5082	1
5081	5083	1
5081	5084	1
5082	5083	1
5082	5084	1
5083	5084	1
5091	5092	1
5091	5093	1
5091	5094	1
5091	5095	1
5091	5096	1
5091	5097	1
5092	5093	1
5092	5094	1
5092	5095	1
5092	5096	1
5092	5097	1
5093	5094	1
5093	5095	1
5093	5096	1
5093	5097	1
5094	5095	1
5094	5096	1
5094	5097	1
5095	5096	1
5095	5097	1
5096	5097	1
5098	5099	1
5107	5107	1
5110	5111	1
5113	5384	1
5113	5385	1
5113	5386	1
5114	5115	1
5117	5118	1
5117	5119	1
5118	5119	1
5125	5125	3
5133	5134	1
5141	5142	1
5141	5143	1
5142	5143	1
5145	5146	1
5148	5148	3
5150	5151	1
5155	5156	1
5162	5163	1
5164	5165	1
5166	5167	1
5166	5168	1
5166	5169	1
5167	5168	1
5167	5169	1
5168	5169	1
5177	5177	1
5177	5178	4
5177	5179	4
5177	5180	4
5177	5181	4
5177	5182	4
5177	5183	2
5178	5178	1
5178	5179	4
5178	5180	4
5178	5181	4
5178	5182	4
5178	5183	2
5179	5179	1
5179	5180	4
5179	5181	4
5179	5182	4
5179	5183	2
5180	5180	1
5180	5181	4
5180	5182	4
5180	5183	2
5181	5181	1
5181	5182	4
5181	5183	2
5182	5182	1
5182	5183	2
5185	5185	1
5188	5189	1
5188	5190	1
5189	5190	1
5192	5192	1
5192	5193	2
5192	5194	2
5193	5194	1
5196	5196	1
5198	5198	1
5200	5200	1
5200	5201	2
5202	5203	1
5206	5207	1
5208	5209	1
5208	5210	1
5208	5211	1
5208	5212	1
5208	5213	1
5208	5214	1
5209	5210	1
5209	5211	1
5209	5212	1
5209	5213	1
5209	5214	1
5210	5211	1
5210	5212	1
5210	5213	1
5210	5214	1
5211	5212	1
5211	5213	1
5211	5214	1
5212	5213	1
5212	5214	1
5213	5214	1
5216	5216	1
5220	5220	1
5222	5222	6
5222	5223	4
5228	5228	3
5229	5229	3
5234	5235	1
5234	5236	1
5234	5237	1
5235	5236	1
5235	5237	1
5236	5237	1
5240	5240	1
5240	5241	2
5242	5243	1
5242	5244	1
5242	5245	1
5242	5246	1
5242	5247	1
5242	5248	1
5242	5249	1
5242	5250	1
5242	5251	1
5242	5252	1
5243	5244	1
5243	5245	1
5243	5246	1
5243	5247	1
5243	5248	1
5243	5249	1
5243	5250	1
5243	5251	1
5243	5252	1
5244	5245	1
5244	5246	1
5244	5247	1
5244	5248	1
5244	5249	1
5244	5250	1
5244	5251	1
5244	5252	1
5245	5246	1
5245	5247	1
5245	5248	1
5245	5249	1
5245	5250	1
5245	5251	1
5245	5252	1
5246	5247	1
5246	5248	1
5246	5249	1
5246	5250	1
5246	5251	1
5246	5252	1
5247	5248	1
5247	5249	1
5247	5250	1
5247	5251	1
5247	5252	1
5248	5249	1
5248	5250	1
5248	5251	1
5248	5252	1
5249	5250	1
5249	5251	1
5249	5252	1
5250	5251	1
5250	5252	1
5251	5252	1
5255	5255	1
5258	5259	1
5264	5265	1
5264	5266	1
5264	5267	1
5264	5268	1
5264	5269	1
5264	5270	1
5264	5271	1
5264	5272	1
5264	5273	1
5265	5266	1
5265	5267	1
5265	5268	1
5265	5269	1
5265	5270	1
5265	5271	1
5265	5272	1
5265	5273	1
5266	5267	1
5266	5268	1
5266	5269	1
5266	5270	1
5266	5271	1
5266	5272	1
5266	5273	1
5267	5268	1
5267	5269	1
5267	5270	1
5267	5271	1
5267	5272	1
5267	5273	1
5268	5269	1
5268	5270	1
5268	5271	1
5268	5272	1
5268	5273	1
5269	5270	1
5269	5271	1
5269	5272	1
5269	5273	1
5270	5271	1
5270	5272	1
5270	5273	1
5271	5272	1
5271	5273	1
5272	5273	1
5284	5285	1
5286	5287	1
5286	5288	1
5286	5289	1
5286	5290	1
5286	5291	1
5287	5288	1
5287	5289	1
5287	5290	1
5287	5291	1
5288	5289	1
5288	5290	1
5288	5291	1
5289	5290	1
5289	5291	1
5290	5291	1
5292	5292	1
5296	5296	1
5300	5300	1
5300	5301	2
5300	5302	2
5300	5303	2
5301	5302	1
5301	5303	1
5302	5303	1
5305	5306	1
5305	5307	1
5305	5308	1
5305	5309	1
5305	5310	1
5306	5307	1
5306	5308	1
5306	5309	1
5306	5310	1
5307	5308	1
5307	5309	1
5307	5310	1
5308	5309	1
5308	5310	1
5309	5310	1
5312	5313	1
5312	5314	1
5312	5315	1
5312	5316	1
5312	5317	1
5312	5318	1
5312	5319	1
5312	5320	1
5312	5321	1
5312	5322	1
5312	5323	1
5313	5314	1
5313	5315	1
5313	5316	1
5313	5317	1
5313	5318	1
5313	5319	1
5313	5320	1
5313	5321	1
5313	5322	1
5313	5323	1
5314	5315	1
5314	5316	1
5314	5317	1
5314	5318	1
5314	5319	1
5314	5320	1
5314	5321	1
5314	5322	1
5314	5323	1
5315	5316	1
5315	5317	1
5315	5318	1
5315	5319	1
5315	5320	1
5315	5321	1
5315	5322	1
5315	5323	1
5316	5317	1
5316	5318	1
5316	5319	1
5316	5320	1
5316	5321	1
5316	5322	1
5316	5323	1
5317	5318	1
5317	5319	1
5317	5320	1
5317	5321	1
5317	5322	1
5317	5323	1
5318	5319	1
5318	5320	1
5318	5321	1
5318	5322	1
5318	5323	1
5319	5320	1
5319	5321	1
5319	5322	1
5319	5323	1
5320	5321	1
5320	5322	1
5320	5323	1
5321	5322	1
5321	5323	1
5322	5323	1
5324	5324	1
5325	5326	1
5327	5328	1
5327	5329	1
5327	5330	1
5328	5329	1
5328	5330	1
5329	5330	1
5332	5332	1
5334	5335	1
5339	5340	1
5339	5341	1
5339	5342	1
5339	5343	1
5339	5344	1
5339	5345	1
5339	5346	1
5339	5347	1
5340	5341	1
5340	5342	1
5340	5343	1
5340	5344	1
5340	5345	1
5340	5346	1
5340	5347	1
5341	5342	1
5341	5343	1
5341	5344	1
5341	5345	1
5341	5346	1
5341	5347	1
5342	5343	1
5342	5344	1
5342	5345	1
5342	5346	1
5342	5347	1
5343	5344	1
5343	5345	1
5343	5346	1
5343	5347	1
5344	5345	1
5344	5346	1
5344	5347	1
5345	5346	1
5345	5347	1
5346	5347	1
5348	5349	3
5348	5350	1
5349	5349	3
5349	5350	3
5353	5354	1
5353	5355	1
5354	5355	1
5359	5359	1
5363	5364	1
5366	5366	3
5368	5369	1
5368	5370	1
5368	5371	1
5368	5372	1
5368	5373	1
5368	5374	1
5369	5370	1
5369	5371	1
5369	5372	1
5369	5373	1
5369	5374	1
5370	5371	1
5370	5372	1
5370	5373	1
5370	5374	1
5371	5372	1
5371	5373	1
5371	5374	1
5372	5373	1
5372	5374	1
5373	5374	1
5376	5377	1
5376	5378	1
5376	5379	1
5377	5378	1
5377	5379	1
5378	5379	1
5382	5382	1
5384	5385	1
5384	5386	1
5385	5386	1
5387	5388	1
5389	5390	1
5389	5391	1
5390	5391	1
5392	5392	3
5395	5395	3
5396	5397	1
5404	5405	1
5410	5410	3
5412	5412	1
5413	5414	1
5420	5420	10
5420	5421	5
5420	5422	5
5420	5423	5
5420	5424	5
5421	5422	1
5421	5423	1
5421	5424	1
5422	5423	1
5422	5424	1
5423	5424	1
5426	5427	1
5426	5428	1
5426	5429	1
5426	5430	1
5426	5431	1
5426	5432	1
5426	5433	1
5426	5434	1
5427	5428	1
5427	5429	1
5427	5430	1
5427	5431	1
5427	5432	1
5427	5433	1
5427	5434	1
5428	5429	1
5428	5430	1
5428	5431	1
5428	5432	1
5428	5433	1
5428	5434	1
5429	5430	1
5429	5431	1
5429	5432	1
5429	5433	1
5429	5434	1
5430	5431	1
5430	5432	1
5430	5433	1
5430	5434	1
5431	5432	1
5431	5433	1
5431	5434	1
5432	5433	1
5432	5434	1
5433	5434	1
5441	5442	1
5441	5443	1
5441	5444	1
5442	5443	1
5442	5444	1
5443	5444	1
5447	5448	1
5449	5449	1
5450	5450	1
5452	5453	1
5458	5459	1
5461	5461	1
5462	5463	2
5462	5464	2
5463	5463	1
5463	5464	4
5464	5464	1
5468	5468	1
5469	5469	1
5469	5470	2
5469	5471	2
5469	5472	2
5469	5473	2
5469	5474	2
5469	5475	2
5470	5471	1
5470	5472	1
5470	5473	1
5470	5474	1
5470	5475	1
5471	5472	1
5471	5473	1
5471	5474	1
5471	5475	1
5472	5473	1
5472	5474	1
5472	5475	1
5473	5474	1
5473	5475	1
5474	5475	1
5479	5480	1
5489	5490	1
5489	5491	1
5490	5491	1
5493	5493	1
5499	5500	1
5501	5502	1
5506	5507	1
5506	5508	1
5506	5509	1
5507	5508	1
5507	5509	1
5508	5509	1
5510	5511	1
5517	5517	1
5518	5518	1
5518	5519	2
5520	5520	1
5520	5521	4
5520	5522	2
5520	5523	2
5520	5524	2
5520	5525	2
5520	5526	2
5520	5527	2
5520	5528	2
5520	5529	2
5520	5530	2
5521	5521	1
5521	5522	2
5521	5523	2
5521	5524	2
5521	5525	2
5521	5526	2
5521	5527	2
5521	5528	2
5521	5529	2
5521	5530	2
5522	5523	1
5522	5524	1
5522	5525	1
5522	5526	1
5522	5527	1
5522	5528	1
5522	5529	1
5522	5530	1
5523	5524	1
5523	5525	1
5523	5526	1
5523	5527	1
5523	5528	1
5523	5529	1
5523	5530	1
5524	5525	1
5524	5526	1
5524	5527	1
5524	5528	1
5524	5529	1
5524	5530	1
5525	5526	1
5525	5527	1
5525	5528	1
5525	5529	1
5525	5530	1
5526	5527	1
5526	5528	1
5526	5529	1
5526	5530	1
5527	5528	1
5527	5529	1
5527	5530	1
5528	5529	1
5528	5530	1
5529	5530	1
5541	5542	1
5541	5543	1
5541	5544	1
5541	5545	1
5541	5546	1
5541	5547	1
5541	5548	1
5541	5549	1
5541	5550	1
5541	5551	1
5541	5552	2
5542	5543	1
5542	5544	1
5542	5545	1
5542	5546	1
5542	5547	1
5542	5548	1
5542	5549	1
5542	5550	1
5542	5551	1
5542	5552	2
5543	5544	1
5543	5545	1
5543	5546	1
5543	5547	1
5543	5548	1
5543	5549	1
5543	5550	1
5543	5551	1
5543	5552	2
5544	5545	1
5544	5546	1
5544	5547	1
5544	5548	1
5544	5549	1
5544	5550	1
5544	5551	1
5544	5552	2
5545	5546	1
5545	5547	1
5545	5548	1
5545	5549	1
5545	5550	1
5545	5551	1
5545	5552	2
5546	5547	1
5546	5548	1
5546	5549	1
5546	5550	1
5546	5551	1
5546	5552	2
5547	5548	1
5547	5549	1
5547	5550	1
5547	5551	1
5547	5552	2
5548	5549	1
5548	5550	1
5548	5551	1
5548	5552	2
5549	5550	1
5549	5551	1
5549	5552	2
5550	5551	1
5550	5552	2
5551	5552	2
5552	5552	1
5554	5554	1
5562	5562	2
5565	5566	1
5565	5567	1
5565	5568	1
5565	5569	1
5565	5570	1
5565	5571	1
5565	5572	1
5565	5573	1
5565	5574	1
5565	5575	1
5565	5576	1
5565	5577	1
5565	5578	1
5565	5579	1
5566	5567	1
5566	5568	1
5566	5569	1
5566	5570	1
5566	5571	1
5566	5572	1
5566	5573	1
5566	5574	1
5566	5575	1
5566	5576	1
5566	5577	1
5566	5578	1
5566	5579	1
5567	5568	1
5567	5569	1
5567	5570	1
5567	5571	1
5567	5572	1
5567	5573	1
5567	5574	1
5567	5575	1
5567	5576	1
5567	5577	1
5567	5578	1
5567	5579	1
5568	5569	1
5568	5570	1
5568	5571	1
5568	5572	1
5568	5573	1
5568	5574	1
5568	5575	1
5568	5576	1
5568	5577	1
5568	5578	1
5568	5579	1
5569	5570	1
5569	5571	1
5569	5572	1
5569	5573	1
5569	5574	1
5569	5575	1
5569	5576	1
5569	5577	1
5569	5578	1
5569	5579	1
5570	5571	1
5570	5572	1
5570	5573	1
5570	5574	1
5570	5575	1
5570	5576	1
5570	5577	1
5570	5578	1
5570	5579	1
5571	5572	1
5571	5573	1
5571	5574	1
5571	5575	1
5571	5576	1
5571	5577	1
5571	5578	1
5571	5579	1
5572	5573	1
5572	5574	1
5572	5575	1
5572	5576	1
5572	5577	1
5572	5578	1
5572	5579	1
5573	5574	1
5573	5575	1
5573	5576	1
5573	5577	1
5573	5578	1
5573	5579	1
5574	5575	1
5574	5576	1
5574	5577	1
5574	5578	1
5574	5579	1
5575	5576	1
5575	5577	1
5575	5578	1
5575	5579	1
5576	5577	1
5576	5578	1
5576	5579	1
5577	5578	1
5577	5579	1
5578	5579	1
5583	5584	1
5585	5585	1
5592	5592	1
5596	5596	10
5596	5597	5
5598	5598	3
5608	5608	6
5608	5609	4
5608	5610	4
5608	5611	4
5609	5610	1
5609	5611	1
5610	5611	1
5612	5613	1
5612	5614	1
5612	5615	1
5612	5616	1
5612	5617	1
5613	5614	1
5613	5615	1
5613	5616	1
5613	5617	1
5614	5615	1
5614	5616	1
5614	5617	1
5615	5616	1
5615	5617	1
5616	5617	1
5621	5622	1
5625	5626	1
5631	5632	1
5639	5639	1
5639	5640	4
5639	5641	4
5639	5642	4
5639	5643	4
5639	5644	4
5640	5640	1
5640	5641	4
5640	5642	4
5640	5643	4
5640	5644	4
5641	5641	1
5641	5642	4
5641	5643	4
5641	5644	4
5642	5642	1
5642	5643	4
5642	5644	4
5643	5643	1
5643	5644	4
5644	5644	1
5646	5647	3
5647	5647	3
